<?xml version = '1.0' encoding = 'UTF-8'?>
<Table class="oracle.dbtools.crest.model.design.relational.Table" directorySegmentName="seg_0" id="6E036C14-62FF-6441-C6EF-3CDD5A83095F" name="Maquina">
<sourceDDLFile>model.sql</sourceDDLFile>
<createdBy>diego</createdBy>
<createdTime>2025-10-13 02:07:57 UTC</createdTime>
<ownerDesignName>s9</ownerDesignName>
<importedID>8EEDD3CB-F376-361B-F85B-4418B66FE6B7</importedID>
<allowColumnReorder>false</allowColumnReorder>
<existDependencyGenerateInDDl>true</existDependencyGenerateInDDl>
<parsed>true</parsed>
<columns itemClass="oracle.dbtools.crest.model.design.relational.Column">
<Column name="numero_maquina" id="493D300E-907B-7129-6081-E5B0E1399E3C">
<sourceDDLFile>model.sql</sourceDDLFile>
<createdBy>diego</createdBy>
<createdTime>2025-10-13 02:07:57 UTC</createdTime>
<ownerDesignName>s9</ownerDesignName>
<importedID>D7B116C4-0056-6E8D-B958-B0A778252D0B</importedID>
<use>0</use>
<logicalDatatype>LOGDT019</logicalDatatype>
<domain>34EE5D7E-67F5-DA8A-6250-6597886EE4D4</domain>
<ownDataTypeParameters>,,</ownDataTypeParameters>
<autoIncrementCycle>false</autoIncrementCycle>
</Column>
<Column name="planta_id" id="F4C22989-CE9E-F830-65AE-65E2C95B90D2">
<sourceDDLFile>model.sql</sourceDDLFile>
<createdBy>diego</createdBy>
<createdTime>2025-10-13 02:07:57 UTC</createdTime>
<ownerDesignName>s9</ownerDesignName>
<importedID>9CB5EA5D-0097-42A3-1DD1-FFEAD328F0DC</importedID>
<use>0</use>
<logicalDatatype>LOGDT019</logicalDatatype>
<domain>34EE5D7E-67F5-DA8A-6250-6597886EE4D4</domain>
<ownDataTypeParameters>,,</ownDataTypeParameters>
<autoIncrementCycle>false</autoIncrementCycle>
<associations>
<colAssociation fkAssociation="1BA709A8-31C1-FDD2-F3F9-C1EF0CD49070" referredColumn="78BAD462-7503-CE7A-8B0A-71E435954E0B"/>
</associations>
</Column>
<Column name="nombre" id="5B2ED7F6-4B66-FB79-8F07-B4961BFACF39">
<sourceDDLFile>model.sql</sourceDDLFile>
<createdBy>diego</createdBy>
<createdTime>2025-10-13 02:07:57 UTC</createdTime>
<ownerDesignName>s9</ownerDesignName>
<importedID>244E5F7C-E935-EE14-9151-BD5AD28ACE3E</importedID>
<use>0</use>
<logicalDatatype>LOGDT024</logicalDatatype>
<domain>B0452B0E-3A1D-8FA9-E498-77B64E4C9705</domain>
<ownDataTypeParameters>,,</ownDataTypeParameters>
<autoIncrementCycle>false</autoIncrementCycle>
</Column>
<Column name="estado_activo" id="C8A270D4-8810-4FEE-6B03-43E54FA67C26">
<sourceDDLFile>model.sql</sourceDDLFile>
<createdBy>diego</createdBy>
<createdTime>2025-10-13 02:07:57 UTC</createdTime>
<ownerDesignName>s9</ownerDesignName>
<importedID>32354867-E311-3C98-687D-C3A7B4F1DB46</importedID>
<use>0</use>
<logicalDatatype>LOGDT025</logicalDatatype>
<domain>64D13EBB-3F1C-AD81-9A7C-25B9E6BF7999</domain>
<defaultValue>&apos;S&apos;</defaultValue>
<ownDataTypeParameters>,,</ownDataTypeParameters>
<autoIncrementCycle>false</autoIncrementCycle>
</Column>
<Column name="tipo_maquina_id" id="B1F33483-C7F5-0928-3D19-22FB48EB4E0C">
<sourceDDLFile>model.sql</sourceDDLFile>
<createdBy>diego</createdBy>
<createdTime>2025-10-13 02:07:57 UTC</createdTime>
<ownerDesignName>s9</ownerDesignName>
<importedID>9054B0A9-B36E-4168-3CFB-B637A4353498</importedID>
<use>0</use>
<logicalDatatype>LOGDT019</logicalDatatype>
<domain>34EE5D7E-67F5-DA8A-6250-6597886EE4D4</domain>
<ownDataTypeParameters>,,</ownDataTypeParameters>
<autoIncrementCycle>false</autoIncrementCycle>
<associations>
<colAssociation fkAssociation="C9D8BB83-4F5A-B2AB-5169-D152342DAC9C" referredColumn="C4B3A68A-717F-F2D7-AC5D-3F9117373F0E"/>
</associations>
</Column>
</columns>
<indexes itemClass="oracle.dbtools.crest.model.design.relational.Index">
<ind_PK_UK id="27043D8D-8D02-A465-7683-CB1C49FFCEA6" name="pk_maquina">
<sourceDDLFile>model.sql</sourceDDLFile>
<createdBy>diego</createdBy>
<createdTime>2025-10-13 02:07:57 UTC</createdTime>
<ownerDesignName>s9</ownerDesignName>
<importedID>80B6F996-7974-61B2-AA76-DF0E3444C6AA</importedID>
<pk>true</pk>
<indexState>Primary Constraint</indexState>
<isSurrogateKey>false</isSurrogateKey>
<indexColumnUsage>
<colUsage columnID="493D300E-907B-7129-6081-E5B0E1399E3C"/>
<colUsage columnID="F4C22989-CE9E-F830-65AE-65E2C95B90D2"/>
</indexColumnUsage>
</ind_PK_UK>
<ind_PK_UK id="09F62335-109A-4558-ADBA-734D12E4C8EC" name="fk_maquina_planta">
<createdBy>diego</createdBy>
<createdTime>2025-10-13 02:07:57 UTC</createdTime>
<ownerDesignName>s9</ownerDesignName>
<indexState>Foreign Key</indexState>
<isSurrogateKey>false</isSurrogateKey>
<indexColumnUsage>
<colUsage columnID="F4C22989-CE9E-F830-65AE-65E2C95B90D2"/>
</indexColumnUsage>
</ind_PK_UK>
<ind_PK_UK id="C45D742E-E8C0-5E91-35B9-E3C371AFA136" name="fk_maquina_tipo">
<createdBy>diego</createdBy>
<createdTime>2025-10-13 02:07:57 UTC</createdTime>
<ownerDesignName>s9</ownerDesignName>
<indexState>Foreign Key</indexState>
<isSurrogateKey>false</isSurrogateKey>
<indexColumnUsage>
<colUsage columnID="B1F33483-C7F5-0928-3D19-22FB48EB4E0C"/>
</indexColumnUsage>
</ind_PK_UK>
</indexes>
<tableCheckConstraints itemClass="oracle.dbtools.crest.model.design.constraint.TableLevelConstraint">
<tableCheckConstraint name="ck_maquina_activo" directorySegmentName="seg_0" id="6164E7C3-DFAC-403C-6701-74AA503D329C">
<sourceDDLFile>model.sql</sourceDDLFile>
<createdBy>diego</createdBy>
<createdTime>2025-10-13 02:07:57 UTC</createdTime>
<ownerDesignName>s9</ownerDesignName>
<importedID>7CC75B9D-3F5B-8373-A01E-8FB03EEFF5C2</importedID>
<rule><![CDATA[estado_activo IN ('S', 'N')]]></rule>
</tableCheckConstraint>
</tableCheckConstraints>
</Table>