<?xml version = '1.0' encoding = 'UTF-8'?>
<Table class="oracle.dbtools.crest.model.design.relational.Table" directorySegmentName="seg_0" id="83A3A260-ADF1-05D9-F859-55410A1EC2E9" name="Afp">
<sourceDDLFile>model.sql</sourceDDLFile>
<createdBy>diego</createdBy>
<createdTime>2025-10-13 02:07:57 UTC</createdTime>
<ownerDesignName>s9</ownerDesignName>
<importedID>50DC6AE3-037E-323D-D598-CA512994DE9E</importedID>
<allowColumnReorder>false</allowColumnReorder>
<existDependencyGenerateInDDl>true</existDependencyGenerateInDDl>
<parsed>true</parsed>
<columns itemClass="oracle.dbtools.crest.model.design.relational.Column">
<Column name="id_afp" id="E2A71365-9E98-9776-D584-B54F992FB3E8">
<sourceDDLFile>model.sql</sourceDDLFile>
<createdBy>diego</createdBy>
<createdTime>2025-10-13 02:07:57 UTC</createdTime>
<ownerDesignName>s9</ownerDesignName>
<importedID>054AABA0-7ADF-4DE7-5CE7-00C27628650B</importedID>
<use>0</use>
<logicalDatatype>LOGDT019</logicalDatatype>
<domain>34EE5D7E-67F5-DA8A-6250-6597886EE4D4</domain>
<ownDataTypeParameters>,,</ownDataTypeParameters>
<autoIncrementCycle>false</autoIncrementCycle>
</Column>
<Column name="nombre_afp" id="F170F9CA-3D89-B280-507A-129C1551762E">
<sourceDDLFile>model.sql</sourceDDLFile>
<createdBy>diego</createdBy>
<createdTime>2025-10-13 02:07:57 UTC</createdTime>
<ownerDesignName>s9</ownerDesignName>
<importedID>461F0D29-025E-B513-6029-368B10FF483D</importedID>
<use>0</use>
<logicalDatatype>LOGDT024</logicalDatatype>
<domain>B0452B0E-3A1D-8FA9-E498-77B64E4C9705</domain>
<ownDataTypeParameters>,,</ownDataTypeParameters>
<autoIncrementCycle>false</autoIncrementCycle>
</Column>
</columns>
<indexes itemClass="oracle.dbtools.crest.model.design.relational.Index">
<ind_PK_UK id="AEE3C938-BFE6-E101-E343-9C12BEA3B88F" name="pk_afp">
<sourceDDLFile>model.sql</sourceDDLFile>
<createdBy>diego</createdBy>
<createdTime>2025-10-13 02:07:57 UTC</createdTime>
<ownerDesignName>s9</ownerDesignName>
<importedID>447F2F64-F0B2-3A14-F364-F94DFDB9D2C8</importedID>
<pk>true</pk>
<indexState>Primary Constraint</indexState>
<isSurrogateKey>false</isSurrogateKey>
<indexColumnUsage>
<colUsage columnID="E2A71365-9E98-9776-D584-B54F992FB3E8"/>
</indexColumnUsage>
</ind_PK_UK>
<ind_PK_UK id="4B21B7BA-9F0A-5DFB-6E60-71FAD923B94C" name="uk_afp_nombre">
<sourceDDLFile>model.sql</sourceDDLFile>
<createdBy>diego</createdBy>
<createdTime>2025-10-13 02:07:57 UTC</createdTime>
<ownerDesignName>s9</ownerDesignName>
<importedID>B185ACF8-921C-B041-8E78-D1DADE579F2D</importedID>
<indexState>Unique Constraint</indexState>
<isSurrogateKey>false</isSurrogateKey>
<indexColumnUsage>
<colUsage columnID="F170F9CA-3D89-B280-507A-129C1551762E"/>
</indexColumnUsage>
</ind_PK_UK>
</indexes>
</Table>