<?xml version = '1.0' encoding = 'UTF-8'?>
<Table class="oracle.dbtools.crest.model.design.relational.Table" directorySegmentName="seg_0" id="84D08BB1-D784-24AF-4C9E-68F8416B317F" name="Orden_Mantencion">
<sourceDDLFile>model.sql</sourceDDLFile>
<createdBy>diego</createdBy>
<createdTime>2025-10-13 02:07:57 UTC</createdTime>
<ownerDesignName>s9</ownerDesignName>
<importedID>9855193D-1715-537A-29EE-FF86E6E82FB0</importedID>
<allowColumnReorder>false</allowColumnReorder>
<existDependencyGenerateInDDl>true</existDependencyGenerateInDDl>
<parsed>true</parsed>
<columns itemClass="oracle.dbtools.crest.model.design.relational.Column">
<Column name="id_orden" id="C0BCCCF3-854C-51AB-AB88-843ED881E2DD">
<sourceDDLFile>model.sql</sourceDDLFile>
<createdBy>diego</createdBy>
<createdTime>2025-10-13 02:07:57 UTC</createdTime>
<ownerDesignName>s9</ownerDesignName>
<importedID>0CA60A46-8D30-EDE0-1085-E4523FB80EBF</importedID>
<use>0</use>
<logicalDatatype>LOGDT019</logicalDatatype>
<domain>34EE5D7E-67F5-DA8A-6250-6597886EE4D4</domain>
<ownDataTypeParameters>,,</ownDataTypeParameters>
<autoIncrementCycle>false</autoIncrementCycle>
</Column>
<Column name="maquina_numero" id="43C58C88-075D-DDF6-BF1E-40309752C4AF">
<sourceDDLFile>model.sql</sourceDDLFile>
<createdBy>diego</createdBy>
<createdTime>2025-10-13 02:07:57 UTC</createdTime>
<ownerDesignName>s9</ownerDesignName>
<importedID>549BA416-00EB-BDBF-91F0-2CF7A7C6C9CB</importedID>
<use>0</use>
<logicalDatatype>LOGDT019</logicalDatatype>
<domain>34EE5D7E-67F5-DA8A-6250-6597886EE4D4</domain>
<ownDataTypeParameters>,,</ownDataTypeParameters>
<autoIncrementCycle>false</autoIncrementCycle>
<associations>
<colAssociation fkAssociation="A622DE6C-66F4-FB22-D501-A1BC327211F8" referredColumn="493D300E-907B-7129-6081-E5B0E1399E3C"/>
</associations>
</Column>
<Column name="maquina_planta_id" id="51D86E23-7EE3-E43C-649F-EDE771989604">
<sourceDDLFile>model.sql</sourceDDLFile>
<createdBy>diego</createdBy>
<createdTime>2025-10-13 02:07:57 UTC</createdTime>
<ownerDesignName>s9</ownerDesignName>
<importedID>A47C9E71-0AF6-73D6-5519-C42E374E9818</importedID>
<use>0</use>
<logicalDatatype>LOGDT019</logicalDatatype>
<domain>34EE5D7E-67F5-DA8A-6250-6597886EE4D4</domain>
<ownDataTypeParameters>,,</ownDataTypeParameters>
<autoIncrementCycle>false</autoIncrementCycle>
<associations>
<colAssociation fkAssociation="A622DE6C-66F4-FB22-D501-A1BC327211F8" referredColumn="F4C22989-CE9E-F830-65AE-65E2C95B90D2"/>
</associations>
</Column>
<Column name="tecnico_id" id="E40BB06A-EE45-7388-AB48-EEA750FC30B7">
<sourceDDLFile>model.sql</sourceDDLFile>
<createdBy>diego</createdBy>
<createdTime>2025-10-13 02:07:57 UTC</createdTime>
<ownerDesignName>s9</ownerDesignName>
<importedID>BD5B9427-1717-95F3-911C-846545E29CF5</importedID>
<use>0</use>
<logicalDatatype>LOGDT019</logicalDatatype>
<domain>34EE5D7E-67F5-DA8A-6250-6597886EE4D4</domain>
<ownDataTypeParameters>,,</ownDataTypeParameters>
<autoIncrementCycle>false</autoIncrementCycle>
<associations>
<colAssociation fkAssociation="CFE14E2D-4574-B5E9-1216-5A66A0B07400" referredColumn="B985519D-5D8D-92A9-FCAF-D528267B308D"/>
</associations>
</Column>
<Column name="fecha_programada" id="B836B971-2849-CC3C-2E34-1F584F6F282E">
<sourceDDLFile>model.sql</sourceDDLFile>
<createdBy>diego</createdBy>
<createdTime>2025-10-13 02:07:57 UTC</createdTime>
<ownerDesignName>s9</ownerDesignName>
<importedID>14455A4B-07D7-191F-7FA6-C460584252B8</importedID>
<use>0</use>
<logicalDatatype>LOGDT007</logicalDatatype>
<domain>AB10568D-3F50-7431-063F-094753699243</domain>
<ownDataTypeParameters>,,</ownDataTypeParameters>
<autoIncrementCycle>false</autoIncrementCycle>
</Column>
<Column name="fecha_ejecucion" id="11661FF7-2BBC-8FFC-86BE-610AEE63FBF9">
<sourceDDLFile>model.sql</sourceDDLFile>
<createdBy>diego</createdBy>
<createdTime>2025-10-13 02:07:57 UTC</createdTime>
<ownerDesignName>s9</ownerDesignName>
<importedID>4D62EA3D-6742-9408-C0E5-D2CE0CDF4D82</importedID>
<nullsAllowed>true</nullsAllowed>
<use>0</use>
<logicalDatatype>LOGDT007</logicalDatatype>
<domain>AB10568D-3F50-7431-063F-094753699243</domain>
<ownDataTypeParameters>,,</ownDataTypeParameters>
<autoIncrementCycle>false</autoIncrementCycle>
</Column>
<Column name="descripcion" id="D078FD09-5FE1-8511-6887-30632ACE0C47">
<sourceDDLFile>model.sql</sourceDDLFile>
<createdBy>diego</createdBy>
<createdTime>2025-10-13 02:07:57 UTC</createdTime>
<ownerDesignName>s9</ownerDesignName>
<importedID>1501766E-B640-6605-7F72-C91B746CE8D2</importedID>
<use>0</use>
<logicalDatatype>LOGDT024</logicalDatatype>
<domain>16629DBF-2A45-62A0-0A2D-BAB4FA5A6476</domain>
<ownDataTypeParameters>,,</ownDataTypeParameters>
<autoIncrementCycle>false</autoIncrementCycle>
</Column>
</columns>
<indexes itemClass="oracle.dbtools.crest.model.design.relational.Index">
<ind_PK_UK id="1577C95A-ED6D-EE6C-97EB-A74C285C4508" name="pk_orden_mantencion">
<sourceDDLFile>model.sql</sourceDDLFile>
<createdBy>diego</createdBy>
<createdTime>2025-10-13 02:07:57 UTC</createdTime>
<ownerDesignName>s9</ownerDesignName>
<importedID>77293968-5EC4-B7DD-5A7D-BD0F7427BE92</importedID>
<pk>true</pk>
<indexState>Primary Constraint</indexState>
<isSurrogateKey>false</isSurrogateKey>
<indexColumnUsage>
<colUsage columnID="C0BCCCF3-854C-51AB-AB88-843ED881E2DD"/>
</indexColumnUsage>
</ind_PK_UK>
<ind_PK_UK id="7E5567C4-5B08-3B3A-45D0-3A1154B16DBC" name="fk_orden_maquina">
<createdBy>diego</createdBy>
<createdTime>2025-10-13 02:07:57 UTC</createdTime>
<ownerDesignName>s9</ownerDesignName>
<indexState>Foreign Key</indexState>
<isSurrogateKey>false</isSurrogateKey>
<indexColumnUsage>
<colUsage columnID="43C58C88-075D-DDF6-BF1E-40309752C4AF"/>
<colUsage columnID="51D86E23-7EE3-E43C-649F-EDE771989604"/>
</indexColumnUsage>
</ind_PK_UK>
<ind_PK_UK id="C9B6BF96-2FDE-8694-21EE-9E0F93CDF83A" name="fk_orden_tecnico">
<createdBy>diego</createdBy>
<createdTime>2025-10-13 02:07:57 UTC</createdTime>
<ownerDesignName>s9</ownerDesignName>
<indexState>Foreign Key</indexState>
<isSurrogateKey>false</isSurrogateKey>
<indexColumnUsage>
<colUsage columnID="E40BB06A-EE45-7388-AB48-EEA750FC30B7"/>
</indexColumnUsage>
</ind_PK_UK>
</indexes>
<tableCheckConstraints itemClass="oracle.dbtools.crest.model.design.constraint.TableLevelConstraint">
<tableCheckConstraint name="ck_orden_fechas" directorySegmentName="seg_0" id="71F9234D-C090-C293-C344-486E4623787E">
<sourceDDLFile>model.sql</sourceDDLFile>
<createdBy>diego</createdBy>
<createdTime>2025-10-13 02:07:57 UTC</createdTime>
<ownerDesignName>s9</ownerDesignName>
<importedID>AAF61C49-B7C3-2877-3D01-BEB229292F5D</importedID>
<rule><![CDATA[fecha_ejecucion >= fecha_programada OR fecha_ejecucion IS NULL]]></rule>
</tableCheckConstraint>
</tableCheckConstraints>
</Table>