<?xml version = '1.0' encoding = 'UTF-8'?>
<Table class="oracle.dbtools.crest.model.design.relational.Table" directorySegmentName="seg_0" id="8F4A70FE-355F-9AEA-F951-7F23E1BA9245" name="Empleado">
<sourceDDLFile>model.sql</sourceDDLFile>
<createdBy>diego</createdBy>
<createdTime>2025-10-13 02:07:57 UTC</createdTime>
<ownerDesignName>s9</ownerDesignName>
<importedID>33A0551E-E2A8-EB69-90AD-E64C7CF28FFD</importedID>
<allowColumnReorder>false</allowColumnReorder>
<existDependencyGenerateInDDl>true</existDependencyGenerateInDDl>
<parsed>true</parsed>
<columns itemClass="oracle.dbtools.crest.model.design.relational.Column">
<Column name="id_empleado" id="B985519D-5D8D-92A9-FCAF-D528267B308D">
<sourceDDLFile>model.sql</sourceDDLFile>
<createdBy>diego</createdBy>
<createdTime>2025-10-13 02:07:57 UTC</createdTime>
<ownerDesignName>s9</ownerDesignName>
<importedID>316AF55A-928C-ADB2-E013-B8DA51FD3704</importedID>
<use>0</use>
<logicalDatatype>LOGDT019</logicalDatatype>
<domain>34EE5D7E-67F5-DA8A-6250-6597886EE4D4</domain>
<ownDataTypeParameters>,,</ownDataTypeParameters>
<autoIncrementCycle>false</autoIncrementCycle>
</Column>
<Column name="rut" id="CDCDAB44-F7FD-03AC-CC76-DD0C09163DF1">
<sourceDDLFile>model.sql</sourceDDLFile>
<createdBy>diego</createdBy>
<createdTime>2025-10-13 02:07:57 UTC</createdTime>
<ownerDesignName>s9</ownerDesignName>
<importedID>B70BD633-743F-E0A7-92DB-D697E09D9351</importedID>
<use>0</use>
<logicalDatatype>LOGDT024</logicalDatatype>
<domain>B57BE0F1-0173-4EDE-BD11-07AB599C75AF</domain>
<ownDataTypeParameters>,,</ownDataTypeParameters>
<autoIncrementCycle>false</autoIncrementCycle>
</Column>
<Column name="nombres" id="044DE8BA-038D-84AF-C8C6-8B329E0AE2B6">
<sourceDDLFile>model.sql</sourceDDLFile>
<createdBy>diego</createdBy>
<createdTime>2025-10-13 02:07:57 UTC</createdTime>
<ownerDesignName>s9</ownerDesignName>
<importedID>EEA7B85E-27C2-82A4-8209-8EFF81435D97</importedID>
<use>0</use>
<logicalDatatype>LOGDT024</logicalDatatype>
<domain>B0452B0E-3A1D-8FA9-E498-77B64E4C9705</domain>
<ownDataTypeParameters>,,</ownDataTypeParameters>
<autoIncrementCycle>false</autoIncrementCycle>
</Column>
<Column name="apellidos" id="A490856C-4AB3-4346-A50D-70F062AF4794">
<sourceDDLFile>model.sql</sourceDDLFile>
<createdBy>diego</createdBy>
<createdTime>2025-10-13 02:07:57 UTC</createdTime>
<ownerDesignName>s9</ownerDesignName>
<importedID>AFAC2F8F-AB21-9D1A-4507-13765390A03E</importedID>
<use>0</use>
<logicalDatatype>LOGDT024</logicalDatatype>
<domain>B0452B0E-3A1D-8FA9-E498-77B64E4C9705</domain>
<ownDataTypeParameters>,,</ownDataTypeParameters>
<autoIncrementCycle>false</autoIncrementCycle>
</Column>
<Column name="fecha_contratacion" id="88B70DDD-B18A-28A5-C8FE-B366CC706065">
<sourceDDLFile>model.sql</sourceDDLFile>
<createdBy>diego</createdBy>
<createdTime>2025-10-13 02:07:57 UTC</createdTime>
<ownerDesignName>s9</ownerDesignName>
<importedID>D01B4135-D44D-1610-8529-CD0E84337B14</importedID>
<use>0</use>
<logicalDatatype>LOGDT007</logicalDatatype>
<domain>AB10568D-3F50-7431-063F-094753699243</domain>
<ownDataTypeParameters>,,</ownDataTypeParameters>
<autoIncrementCycle>false</autoIncrementCycle>
</Column>
<Column name="sueldo_base" id="3C315925-F845-8B29-3F21-CA9E4B9A3848">
<sourceDDLFile>model.sql</sourceDDLFile>
<createdBy>diego</createdBy>
<createdTime>2025-10-13 02:07:57 UTC</createdTime>
<ownerDesignName>s9</ownerDesignName>
<importedID>6B7510F9-FAA1-2D2D-AA9B-41457D5F88D0</importedID>
<use>0</use>
<logicalDatatype>LOGDT019</logicalDatatype>
<domain>21718C12-F40B-A6DC-D0F2-99C49942DB34</domain>
<ownDataTypeParameters>,,</ownDataTypeParameters>
<autoIncrementCycle>false</autoIncrementCycle>
</Column>
<Column name="estado_activo" id="FC08667A-6C96-26D5-457C-A2C2A1E361F1">
<sourceDDLFile>model.sql</sourceDDLFile>
<createdBy>diego</createdBy>
<createdTime>2025-10-13 02:07:57 UTC</createdTime>
<ownerDesignName>s9</ownerDesignName>
<importedID>FF0A0E06-0CA1-F2D3-6920-ABD85E90F9EE</importedID>
<use>0</use>
<logicalDatatype>LOGDT025</logicalDatatype>
<domain>64D13EBB-3F1C-AD81-9A7C-25B9E6BF7999</domain>
<defaultValue>&apos;S&apos;</defaultValue>
<ownDataTypeParameters>,,</ownDataTypeParameters>
<autoIncrementCycle>false</autoIncrementCycle>
</Column>
<Column name="planta_id" id="56103372-B317-ACC3-13B7-50AF4FBD24B4">
<sourceDDLFile>model.sql</sourceDDLFile>
<createdBy>diego</createdBy>
<createdTime>2025-10-13 02:07:57 UTC</createdTime>
<ownerDesignName>s9</ownerDesignName>
<importedID>8FCD1A32-B937-6308-15F4-69A921C7C216</importedID>
<use>0</use>
<logicalDatatype>LOGDT019</logicalDatatype>
<domain>34EE5D7E-67F5-DA8A-6250-6597886EE4D4</domain>
<ownDataTypeParameters>,,</ownDataTypeParameters>
<autoIncrementCycle>false</autoIncrementCycle>
<associations>
<colAssociation fkAssociation="9371FE01-FF5B-7188-9940-956BB57949B1" referredColumn="78BAD462-7503-CE7A-8B0A-71E435954E0B"/>
</associations>
</Column>
<Column name="afp_id" id="15DA2DAB-C2CD-C283-D5B5-4342B0D20964">
<sourceDDLFile>model.sql</sourceDDLFile>
<createdBy>diego</createdBy>
<createdTime>2025-10-13 02:07:57 UTC</createdTime>
<ownerDesignName>s9</ownerDesignName>
<importedID>281B723A-A7D5-26D3-FC90-DF5C6D931AD2</importedID>
<use>0</use>
<logicalDatatype>LOGDT019</logicalDatatype>
<domain>34EE5D7E-67F5-DA8A-6250-6597886EE4D4</domain>
<ownDataTypeParameters>,,</ownDataTypeParameters>
<autoIncrementCycle>false</autoIncrementCycle>
<associations>
<colAssociation fkAssociation="F8344E29-C18F-8961-3765-415AAF0EDEA2" referredColumn="E2A71365-9E98-9776-D584-B54F992FB3E8"/>
</associations>
</Column>
<Column name="sistema_salud_id" id="CEAA7EF7-B881-07BE-DE6F-F8FFDFE0C698">
<sourceDDLFile>model.sql</sourceDDLFile>
<createdBy>diego</createdBy>
<createdTime>2025-10-13 02:07:57 UTC</createdTime>
<ownerDesignName>s9</ownerDesignName>
<importedID>A39CB612-5FBC-9A09-67CC-8DA852515A2F</importedID>
<use>0</use>
<logicalDatatype>LOGDT019</logicalDatatype>
<domain>34EE5D7E-67F5-DA8A-6250-6597886EE4D4</domain>
<ownDataTypeParameters>,,</ownDataTypeParameters>
<autoIncrementCycle>false</autoIncrementCycle>
<associations>
<colAssociation fkAssociation="48F2297A-53D6-996C-3411-849844BE70BF" referredColumn="534890B6-75D3-6780-FE68-DA67BA9D782F"/>
</associations>
</Column>
<Column name="jefe_id" id="4E7A8149-C7F2-8AA8-18B6-4DBF982F0423">
<sourceDDLFile>model.sql</sourceDDLFile>
<createdBy>diego</createdBy>
<createdTime>2025-10-13 02:07:57 UTC</createdTime>
<ownerDesignName>s9</ownerDesignName>
<importedID>B2B8EE02-CFC2-1B54-5F30-ECBB0DF39B63</importedID>
<nullsAllowed>true</nullsAllowed>
<use>0</use>
<logicalDatatype>LOGDT019</logicalDatatype>
<domain>34EE5D7E-67F5-DA8A-6250-6597886EE4D4</domain>
<ownDataTypeParameters>,,</ownDataTypeParameters>
<autoIncrementCycle>false</autoIncrementCycle>
<associations>
<colAssociation fkAssociation="FF0168DF-D980-EAEF-8F84-44A16C5C58F9" referredColumn="B985519D-5D8D-92A9-FCAF-D528267B308D"/>
</associations>
</Column>
<Column name="tipo_empleado" id="8E079020-4DD5-FE9D-8F5C-919EDA5672CB">
<sourceDDLFile>model.sql</sourceDDLFile>
<createdBy>diego</createdBy>
<createdTime>2025-10-13 02:07:57 UTC</createdTime>
<ownerDesignName>s9</ownerDesignName>
<importedID>3FA65069-A0B2-F20B-194F-6807B9D68FBB</importedID>
<use>0</use>
<logicalDatatype>LOGDT024</logicalDatatype>
<domain>01A35EF7-7E08-B67E-05E7-B9A87E865F29</domain>
<ownDataTypeParameters>,,</ownDataTypeParameters>
<autoIncrementCycle>false</autoIncrementCycle>
</Column>
<Column name="area_responsabilidad" id="423FD794-A7DE-74CA-D11F-7B805EE408EB">
<sourceDDLFile>model.sql</sourceDDLFile>
<createdBy>diego</createdBy>
<createdTime>2025-10-13 02:07:57 UTC</createdTime>
<ownerDesignName>s9</ownerDesignName>
<importedID>50AF1F60-BF44-F5A6-0F9F-DDE91C54DC18</importedID>
<nullsAllowed>true</nullsAllowed>
<use>0</use>
<logicalDatatype>LOGDT024</logicalDatatype>
<domain>B0452B0E-3A1D-8FA9-E498-77B64E4C9705</domain>
<ownDataTypeParameters>,,</ownDataTypeParameters>
<autoIncrementCycle>false</autoIncrementCycle>
</Column>
<Column name="max_operarios" id="62D7D4F2-6951-7D53-AE37-2EFD5D4C8697">
<sourceDDLFile>model.sql</sourceDDLFile>
<createdBy>diego</createdBy>
<createdTime>2025-10-13 02:07:57 UTC</createdTime>
<ownerDesignName>s9</ownerDesignName>
<importedID>4A71EEFF-1023-C8A7-C33C-5807E60E787A</importedID>
<nullsAllowed>true</nullsAllowed>
<use>0</use>
<logicalDatatype>LOGDT019</logicalDatatype>
<domain>34EE5D7E-67F5-DA8A-6250-6597886EE4D4</domain>
<ownDataTypeParameters>,,</ownDataTypeParameters>
<autoIncrementCycle>false</autoIncrementCycle>
</Column>
<Column name="categoria_proceso" id="5768DA18-BE8F-DE1E-4BA4-BCE347FB7556">
<sourceDDLFile>model.sql</sourceDDLFile>
<createdBy>diego</createdBy>
<createdTime>2025-10-13 02:07:57 UTC</createdTime>
<ownerDesignName>s9</ownerDesignName>
<importedID>160D65A5-40B5-E431-6B20-A8C4B6C3191E</importedID>
<nullsAllowed>true</nullsAllowed>
<use>0</use>
<logicalDatatype>LOGDT024</logicalDatatype>
<domain>6AB2A574-0121-43A7-EF3E-DF5CF44137AC</domain>
<ownDataTypeParameters>,,</ownDataTypeParameters>
<autoIncrementCycle>false</autoIncrementCycle>
</Column>
<Column name="certificacion" id="CF725882-438D-4AA9-5E2D-8ED250C8F3CE">
<sourceDDLFile>model.sql</sourceDDLFile>
<createdBy>diego</createdBy>
<createdTime>2025-10-13 02:07:57 UTC</createdTime>
<ownerDesignName>s9</ownerDesignName>
<importedID>D23C198A-F327-BA9F-E041-7D5E41C718C8</importedID>
<nullsAllowed>true</nullsAllowed>
<use>0</use>
<logicalDatatype>LOGDT024</logicalDatatype>
<domain>B0452B0E-3A1D-8FA9-E498-77B64E4C9705</domain>
<ownDataTypeParameters>,,</ownDataTypeParameters>
<autoIncrementCycle>false</autoIncrementCycle>
</Column>
<Column name="horas_estandar_turno" id="0CAB48B6-AC71-F656-352C-7218973217BE">
<sourceDDLFile>model.sql</sourceDDLFile>
<createdBy>diego</createdBy>
<createdTime>2025-10-13 02:07:57 UTC</createdTime>
<ownerDesignName>s9</ownerDesignName>
<importedID>A262CF9A-4323-E319-58D6-EA69096762C6</importedID>
<nullsAllowed>true</nullsAllowed>
<use>0</use>
<logicalDatatype>LOGDT019</logicalDatatype>
<domain>34EE5D7E-67F5-DA8A-6250-6597886EE4D4</domain>
<defaultValue>8</defaultValue>
<ownDataTypeParameters>,,</ownDataTypeParameters>
<autoIncrementCycle>false</autoIncrementCycle>
</Column>
<Column name="especialidad" id="7330B031-146B-61D6-51AC-E592FD1CF324">
<sourceDDLFile>model.sql</sourceDDLFile>
<createdBy>diego</createdBy>
<createdTime>2025-10-13 02:07:57 UTC</createdTime>
<ownerDesignName>s9</ownerDesignName>
<importedID>3AAB3ED8-E181-5C6B-61F6-ADB42FB3C177</importedID>
<nullsAllowed>true</nullsAllowed>
<use>0</use>
<logicalDatatype>LOGDT024</logicalDatatype>
<domain>6AB2A574-0121-43A7-EF3E-DF5CF44137AC</domain>
<ownDataTypeParameters>,,</ownDataTypeParameters>
<autoIncrementCycle>false</autoIncrementCycle>
</Column>
<Column name="nivel_certificacion" id="049B5A50-8965-3160-CF1F-84A775370764">
<sourceDDLFile>model.sql</sourceDDLFile>
<createdBy>diego</createdBy>
<createdTime>2025-10-13 02:07:57 UTC</createdTime>
<ownerDesignName>s9</ownerDesignName>
<importedID>CF4DA1B6-D6BE-FB15-4553-D38505B1612C</importedID>
<nullsAllowed>true</nullsAllowed>
<use>0</use>
<logicalDatatype>LOGDT024</logicalDatatype>
<domain>6AB2A574-0121-43A7-EF3E-DF5CF44137AC</domain>
<ownDataTypeParameters>,,</ownDataTypeParameters>
<autoIncrementCycle>false</autoIncrementCycle>
</Column>
<Column name="tiempo_respuesta_estandar" id="4A66C64D-DFC4-9F95-5309-FAE83F3ED5A1">
<sourceDDLFile>model.sql</sourceDDLFile>
<createdBy>diego</createdBy>
<createdTime>2025-10-13 02:07:57 UTC</createdTime>
<ownerDesignName>s9</ownerDesignName>
<importedID>2CB68CCB-6066-2808-AFE4-334DC822F08B</importedID>
<nullsAllowed>true</nullsAllowed>
<use>0</use>
<logicalDatatype>LOGDT019</logicalDatatype>
<domain>34EE5D7E-67F5-DA8A-6250-6597886EE4D4</domain>
<ownDataTypeParameters>,,</ownDataTypeParameters>
<autoIncrementCycle>false</autoIncrementCycle>
</Column>
</columns>
<indexes itemClass="oracle.dbtools.crest.model.design.relational.Index">
<ind_PK_UK id="A68A04B1-74FF-CCDC-4726-49EA6BFBE148" name="pk_empleado">
<sourceDDLFile>model.sql</sourceDDLFile>
<createdBy>diego</createdBy>
<createdTime>2025-10-13 02:07:57 UTC</createdTime>
<ownerDesignName>s9</ownerDesignName>
<importedID>A9D54545-4B96-3BEB-46D4-60C69C0541D9</importedID>
<pk>true</pk>
<indexState>Primary Constraint</indexState>
<isSurrogateKey>false</isSurrogateKey>
<indexColumnUsage>
<colUsage columnID="B985519D-5D8D-92A9-FCAF-D528267B308D"/>
</indexColumnUsage>
</ind_PK_UK>
<ind_PK_UK id="FB822011-B263-8447-BD22-8BF467F1A296" name="uk_empleado_rut">
<sourceDDLFile>model.sql</sourceDDLFile>
<createdBy>diego</createdBy>
<createdTime>2025-10-13 02:07:57 UTC</createdTime>
<ownerDesignName>s9</ownerDesignName>
<importedID>7D2E3B41-1B11-77A6-5C22-1DD91C0DD49D</importedID>
<indexState>Unique Constraint</indexState>
<isSurrogateKey>false</isSurrogateKey>
<indexColumnUsage>
<colUsage columnID="CDCDAB44-F7FD-03AC-CC76-DD0C09163DF1"/>
</indexColumnUsage>
</ind_PK_UK>
<ind_PK_UK id="542D971C-7E73-806B-E19D-ECC1A66AED43" name="fk_empleado_afp">
<createdBy>diego</createdBy>
<createdTime>2025-10-13 02:07:57 UTC</createdTime>
<ownerDesignName>s9</ownerDesignName>
<indexState>Foreign Key</indexState>
<isSurrogateKey>false</isSurrogateKey>
<indexColumnUsage>
<colUsage columnID="15DA2DAB-C2CD-C283-D5B5-4342B0D20964"/>
</indexColumnUsage>
</ind_PK_UK>
<ind_PK_UK id="074190AA-1DF1-9E3E-B42C-51F734C3504C" name="fk_empleado_jefe">
<createdBy>diego</createdBy>
<createdTime>2025-10-13 02:07:57 UTC</createdTime>
<ownerDesignName>s9</ownerDesignName>
<indexState>Foreign Key</indexState>
<isSurrogateKey>false</isSurrogateKey>
<indexColumnUsage>
<colUsage columnID="4E7A8149-C7F2-8AA8-18B6-4DBF982F0423"/>
</indexColumnUsage>
</ind_PK_UK>
<ind_PK_UK id="875E62FD-79C1-4EBE-5C01-6FA1A1C4A105" name="fk_empleado_planta">
<createdBy>diego</createdBy>
<createdTime>2025-10-13 02:07:57 UTC</createdTime>
<ownerDesignName>s9</ownerDesignName>
<indexState>Foreign Key</indexState>
<isSurrogateKey>false</isSurrogateKey>
<indexColumnUsage>
<colUsage columnID="56103372-B317-ACC3-13B7-50AF4FBD24B4"/>
</indexColumnUsage>
</ind_PK_UK>
<ind_PK_UK id="1E1686AA-8256-2446-7543-695DC5B89AD5" name="fk_empleado_sistema_salud">
<createdBy>diego</createdBy>
<createdTime>2025-10-13 02:07:57 UTC</createdTime>
<ownerDesignName>s9</ownerDesignName>
<indexState>Foreign Key</indexState>
<isSurrogateKey>false</isSurrogateKey>
<indexColumnUsage>
<colUsage columnID="CEAA7EF7-B881-07BE-DE6F-F8FFDFE0C698"/>
</indexColumnUsage>
</ind_PK_UK>
</indexes>
<tableCheckConstraints itemClass="oracle.dbtools.crest.model.design.constraint.TableLevelConstraint">
<tableCheckConstraint name="ck_empleado_activo" directorySegmentName="seg_0" id="2DB9AB4A-0A09-0840-54B7-F8199DF1D4FD">
<sourceDDLFile>model.sql</sourceDDLFile>
<createdBy>diego</createdBy>
<createdTime>2025-10-13 02:07:57 UTC</createdTime>
<ownerDesignName>s9</ownerDesignName>
<importedID>1EFE30E1-1AED-2F50-BAEC-4747828907A5</importedID>
<rule><![CDATA[estado_activo IN ('S', 'N')]]></rule>
</tableCheckConstraint>
<tableCheckConstraint name="ck_empleado_tipo" directorySegmentName="seg_0" id="80A5E511-DF59-FA0B-5360-7AB1880764A6">
<sourceDDLFile>model.sql</sourceDDLFile>
<createdBy>diego</createdBy>
<createdTime>2025-10-13 02:07:57 UTC</createdTime>
<ownerDesignName>s9</ownerDesignName>
<importedID>9B78F667-B12E-2A09-D091-94130D5C4EE8</importedID>
<rule><![CDATA[tipo_empleado IN ('JEFE_TURNO', 'OPERARIO', 'TECNICO_MANTENCION')]]></rule>
</tableCheckConstraint>
</tableCheckConstraints>
</Table>