<?xml version = '1.0' encoding = 'UTF-8'?>
<Table class="oracle.dbtools.crest.model.design.relational.Table" directorySegmentName="seg_0" id="9831EF73-3103-2C1B-C154-5772EA1C6686" name="Asignacion_Turno">
<sourceDDLFile>model.sql</sourceDDLFile>
<createdBy>diego</createdBy>
<createdTime>2025-10-13 02:07:57 UTC</createdTime>
<ownerDesignName>s9</ownerDesignName>
<importedID>B5759F1D-E0AC-5B04-3224-46A1EA86CDAC</importedID>
<allowColumnReorder>false</allowColumnReorder>
<existDependencyGenerateInDDl>true</existDependencyGenerateInDDl>
<parsed>true</parsed>
<columns itemClass="oracle.dbtools.crest.model.design.relational.Column">
<Column name="id_asignacion" id="DD91268B-64DF-DFCD-5F8D-98CEBC833F68">
<sourceDDLFile>model.sql</sourceDDLFile>
<createdBy>diego</createdBy>
<createdTime>2025-10-13 02:07:57 UTC</createdTime>
<ownerDesignName>s9</ownerDesignName>
<importedID>CE653E7E-FCEE-D830-4A37-A48F5000C768</importedID>
<use>0</use>
<logicalDatatype>LOGDT019</logicalDatatype>
<domain>34EE5D7E-67F5-DA8A-6250-6597886EE4D4</domain>
<ownDataTypeParameters>,,</ownDataTypeParameters>
<autoIncrementCycle>false</autoIncrementCycle>
</Column>
<Column name="empleado_id" id="A6687554-6DE6-F633-4327-256CC066D984">
<sourceDDLFile>model.sql</sourceDDLFile>
<createdBy>diego</createdBy>
<createdTime>2025-10-13 02:07:57 UTC</createdTime>
<ownerDesignName>s9</ownerDesignName>
<importedID>0936E35E-168B-123D-9505-0DCFB869CD70</importedID>
<use>0</use>
<logicalDatatype>LOGDT019</logicalDatatype>
<domain>34EE5D7E-67F5-DA8A-6250-6597886EE4D4</domain>
<ownDataTypeParameters>,,</ownDataTypeParameters>
<autoIncrementCycle>false</autoIncrementCycle>
<associations>
<colAssociation fkAssociation="9E428361-D247-853E-2BD1-B7DC7C110504" referredColumn="B985519D-5D8D-92A9-FCAF-D528267B308D"/>
</associations>
</Column>
<Column name="turno_id" id="4155C87E-8C2A-0860-5655-A9617B1D79F1">
<sourceDDLFile>model.sql</sourceDDLFile>
<createdBy>diego</createdBy>
<createdTime>2025-10-13 02:07:57 UTC</createdTime>
<ownerDesignName>s9</ownerDesignName>
<importedID>0851068F-310E-C3CF-B43D-BC37E76272DF</importedID>
<use>0</use>
<logicalDatatype>LOGDT019</logicalDatatype>
<domain>34EE5D7E-67F5-DA8A-6250-6597886EE4D4</domain>
<ownDataTypeParameters>,,</ownDataTypeParameters>
<autoIncrementCycle>false</autoIncrementCycle>
<associations>
<colAssociation fkAssociation="24E1EAAE-F517-C717-F604-88ED3E8EE0A3" referredColumn="D852AD88-EA92-C61A-B35E-0E0B9C3D6508"/>
</associations>
</Column>
<Column name="maquina_numero" id="F533CE44-FF42-7D47-A420-BC2F73AEE956">
<sourceDDLFile>model.sql</sourceDDLFile>
<createdBy>diego</createdBy>
<createdTime>2025-10-13 02:07:57 UTC</createdTime>
<ownerDesignName>s9</ownerDesignName>
<importedID>E4F9AB03-8C9A-AAF5-0E5F-B720AAF7D4F1</importedID>
<use>0</use>
<logicalDatatype>LOGDT019</logicalDatatype>
<domain>34EE5D7E-67F5-DA8A-6250-6597886EE4D4</domain>
<ownDataTypeParameters>,,</ownDataTypeParameters>
<autoIncrementCycle>false</autoIncrementCycle>
<associations>
<colAssociation fkAssociation="C6AF1395-C6BC-CDBE-C0C6-AADB7D89A9A0" referredColumn="493D300E-907B-7129-6081-E5B0E1399E3C"/>
</associations>
</Column>
<Column name="maquina_planta_id" id="AE67A0BE-73E0-7D0C-ABAC-2CB7C0D7D408">
<sourceDDLFile>model.sql</sourceDDLFile>
<createdBy>diego</createdBy>
<createdTime>2025-10-13 02:07:57 UTC</createdTime>
<ownerDesignName>s9</ownerDesignName>
<importedID>01EDA703-BD04-B40F-378B-1E0D500AE854</importedID>
<use>0</use>
<logicalDatatype>LOGDT019</logicalDatatype>
<domain>34EE5D7E-67F5-DA8A-6250-6597886EE4D4</domain>
<ownDataTypeParameters>,,</ownDataTypeParameters>
<autoIncrementCycle>false</autoIncrementCycle>
<associations>
<colAssociation fkAssociation="C6AF1395-C6BC-CDBE-C0C6-AADB7D89A9A0" referredColumn="F4C22989-CE9E-F830-65AE-65E2C95B90D2"/>
</associations>
</Column>
<Column name="fecha" id="31730685-2C20-529F-4E87-EBD8B74C1A30">
<sourceDDLFile>model.sql</sourceDDLFile>
<createdBy>diego</createdBy>
<createdTime>2025-10-13 02:07:57 UTC</createdTime>
<ownerDesignName>s9</ownerDesignName>
<importedID>9D5F3D94-121B-34C9-D17E-020CCB96C137</importedID>
<use>0</use>
<logicalDatatype>LOGDT007</logicalDatatype>
<domain>AB10568D-3F50-7431-063F-094753699243</domain>
<ownDataTypeParameters>,,</ownDataTypeParameters>
<autoIncrementCycle>false</autoIncrementCycle>
</Column>
<Column name="rol" id="0C9A7F34-8E77-0CF4-7397-CDD02FD055AC">
<sourceDDLFile>model.sql</sourceDDLFile>
<createdBy>diego</createdBy>
<createdTime>2025-10-13 02:07:57 UTC</createdTime>
<ownerDesignName>s9</ownerDesignName>
<importedID>A16CBE77-DDF9-A4EA-FDE9-E03847FDF2E9</importedID>
<use>0</use>
<logicalDatatype>LOGDT024</logicalDatatype>
<domain>6AB2A574-0121-43A7-EF3E-DF5CF44137AC</domain>
<ownDataTypeParameters>,,</ownDataTypeParameters>
<autoIncrementCycle>false</autoIncrementCycle>
</Column>
</columns>
<indexes itemClass="oracle.dbtools.crest.model.design.relational.Index">
<ind_PK_UK id="9EC9EA9F-EA44-8A56-A789-3384F2B8CC4B" name="pk_asignacion_turno">
<sourceDDLFile>model.sql</sourceDDLFile>
<createdBy>diego</createdBy>
<createdTime>2025-10-13 02:07:57 UTC</createdTime>
<ownerDesignName>s9</ownerDesignName>
<importedID>CD6C5864-B37F-F743-74E8-AC864BC91A6D</importedID>
<pk>true</pk>
<indexState>Primary Constraint</indexState>
<isSurrogateKey>false</isSurrogateKey>
<indexColumnUsage>
<colUsage columnID="DD91268B-64DF-DFCD-5F8D-98CEBC833F68"/>
</indexColumnUsage>
</ind_PK_UK>
<ind_PK_UK id="71074888-A138-70C0-D21B-83BE3741727D" name="uk_empleado_fecha">
<sourceDDLFile>model.sql</sourceDDLFile>
<createdBy>diego</createdBy>
<createdTime>2025-10-13 02:07:57 UTC</createdTime>
<ownerDesignName>s9</ownerDesignName>
<importedID>D86F63B6-132D-521A-75C3-6D0F4AED2807</importedID>
<indexState>Unique Constraint</indexState>
<isSurrogateKey>false</isSurrogateKey>
<indexColumnUsage>
<colUsage columnID="A6687554-6DE6-F633-4327-256CC066D984"/>
<colUsage columnID="31730685-2C20-529F-4E87-EBD8B74C1A30"/>
</indexColumnUsage>
</ind_PK_UK>
<ind_PK_UK id="EA5362E8-4634-EA8C-2FCD-7460DF8E5ADE" name="fk_asignacion_empleado">
<createdBy>diego</createdBy>
<createdTime>2025-10-13 02:07:57 UTC</createdTime>
<ownerDesignName>s9</ownerDesignName>
<indexState>Foreign Key</indexState>
<isSurrogateKey>false</isSurrogateKey>
<indexColumnUsage>
<colUsage columnID="A6687554-6DE6-F633-4327-256CC066D984"/>
</indexColumnUsage>
</ind_PK_UK>
<ind_PK_UK id="6498CE37-397A-BB39-4C90-309B4C8C57EA" name="fk_asignacion_maquina">
<createdBy>diego</createdBy>
<createdTime>2025-10-13 02:07:57 UTC</createdTime>
<ownerDesignName>s9</ownerDesignName>
<indexState>Foreign Key</indexState>
<isSurrogateKey>false</isSurrogateKey>
<indexColumnUsage>
<colUsage columnID="F533CE44-FF42-7D47-A420-BC2F73AEE956"/>
<colUsage columnID="AE67A0BE-73E0-7D0C-ABAC-2CB7C0D7D408"/>
</indexColumnUsage>
</ind_PK_UK>
<ind_PK_UK id="E15F7AB3-F546-712C-7A81-7C3F670F0086" name="fk_asignacion_turno">
<createdBy>diego</createdBy>
<createdTime>2025-10-13 02:07:57 UTC</createdTime>
<ownerDesignName>s9</ownerDesignName>
<indexState>Foreign Key</indexState>
<isSurrogateKey>false</isSurrogateKey>
<indexColumnUsage>
<colUsage columnID="4155C87E-8C2A-0860-5655-A9617B1D79F1"/>
</indexColumnUsage>
</ind_PK_UK>
</indexes>
</Table>