<?xml version = '1.0' encoding = 'UTF-8'?>
<Table class="oracle.dbtools.crest.model.design.relational.Table" directorySegmentName="seg_0" id="A5009DEC-28DD-23B4-B48D-DE3A57D88BE9" name="Sistema_Salud">
<sourceDDLFile>model.sql</sourceDDLFile>
<createdBy>diego</createdBy>
<createdTime>2025-10-13 02:07:57 UTC</createdTime>
<ownerDesignName>s9</ownerDesignName>
<importedID>42755C87-5F7A-F738-FA97-4EFC2EB02582</importedID>
<allowColumnReorder>false</allowColumnReorder>
<existDependencyGenerateInDDl>true</existDependencyGenerateInDDl>
<parsed>true</parsed>
<columns itemClass="oracle.dbtools.crest.model.design.relational.Column">
<Column name="id_sistema_salud" id="534890B6-75D3-6780-FE68-DA67BA9D782F">
<sourceDDLFile>model.sql</sourceDDLFile>
<createdBy>diego</createdBy>
<createdTime>2025-10-13 02:07:57 UTC</createdTime>
<ownerDesignName>s9</ownerDesignName>
<importedID>CE224D55-03E4-A86E-111F-01002F41AEF9</importedID>
<use>0</use>
<logicalDatatype>LOGDT019</logicalDatatype>
<domain>34EE5D7E-67F5-DA8A-6250-6597886EE4D4</domain>
<ownDataTypeParameters>,,</ownDataTypeParameters>
<autoIncrementCycle>false</autoIncrementCycle>
</Column>
<Column name="nombre_sistema_salud" id="4EE179F9-2E70-99B9-FC5E-43800395F3B5">
<sourceDDLFile>model.sql</sourceDDLFile>
<createdBy>diego</createdBy>
<createdTime>2025-10-13 02:07:57 UTC</createdTime>
<ownerDesignName>s9</ownerDesignName>
<importedID>0C91BB62-5D75-F566-1047-41E9445CE3DC</importedID>
<use>0</use>
<logicalDatatype>LOGDT024</logicalDatatype>
<domain>B0452B0E-3A1D-8FA9-E498-77B64E4C9705</domain>
<ownDataTypeParameters>,,</ownDataTypeParameters>
<autoIncrementCycle>false</autoIncrementCycle>
</Column>
</columns>
<indexes itemClass="oracle.dbtools.crest.model.design.relational.Index">
<ind_PK_UK id="0073DB35-DA27-7317-9DF6-FDA8D9217F9E" name="pk_sistema_salud">
<sourceDDLFile>model.sql</sourceDDLFile>
<createdBy>diego</createdBy>
<createdTime>2025-10-13 02:07:57 UTC</createdTime>
<ownerDesignName>s9</ownerDesignName>
<importedID>0FDBD112-6644-9AF4-851F-41E07E82945F</importedID>
<pk>true</pk>
<indexState>Primary Constraint</indexState>
<isSurrogateKey>false</isSurrogateKey>
<indexColumnUsage>
<colUsage columnID="534890B6-75D3-6780-FE68-DA67BA9D782F"/>
</indexColumnUsage>
</ind_PK_UK>
<ind_PK_UK id="AAB22573-B835-2E94-7A94-80BD154FE4A4" name="uk_sistema_salud_nombre">
<sourceDDLFile>model.sql</sourceDDLFile>
<createdBy>diego</createdBy>
<createdTime>2025-10-13 02:07:57 UTC</createdTime>
<ownerDesignName>s9</ownerDesignName>
<importedID>A829D239-EC4F-4337-26B8-2315E81D8CC0</importedID>
<indexState>Unique Constraint</indexState>
<isSurrogateKey>false</isSurrogateKey>
<indexColumnUsage>
<colUsage columnID="4EE179F9-2E70-99B9-FC5E-43800395F3B5"/>
</indexColumnUsage>
</ind_PK_UK>
</indexes>
</Table>