<?xml version = '1.0' encoding = 'UTF-8'?>
<Table class="oracle.dbtools.crest.model.design.relational.Table" directorySegmentName="seg_0" id="AF189140-685A-6C58-B8BA-CDF2AB050FC5" name="Turno">
<sourceDDLFile>model.sql</sourceDDLFile>
<createdBy>diego</createdBy>
<createdTime>2025-10-13 02:07:57 UTC</createdTime>
<ownerDesignName>s9</ownerDesignName>
<importedID>F35E8C5F-2EA0-50AB-4786-AA64FD9F9BB4</importedID>
<allowColumnReorder>false</allowColumnReorder>
<existDependencyGenerateInDDl>true</existDependencyGenerateInDDl>
<parsed>true</parsed>
<columns itemClass="oracle.dbtools.crest.model.design.relational.Column">
<Column name="id_turno" id="D852AD88-EA92-C61A-B35E-0E0B9C3D6508">
<sourceDDLFile>model.sql</sourceDDLFile>
<createdBy>diego</createdBy>
<createdTime>2025-10-13 02:07:57 UTC</createdTime>
<ownerDesignName>s9</ownerDesignName>
<importedID>3C82AE7B-FCB8-B4C9-6EB4-2D34353378D7</importedID>
<use>0</use>
<logicalDatatype>LOGDT019</logicalDatatype>
<domain>34EE5D7E-67F5-DA8A-6250-6597886EE4D4</domain>
<ownDataTypeParameters>,,</ownDataTypeParameters>
<autoIncrementCycle>false</autoIncrementCycle>
</Column>
<Column name="nombre_turno" id="5452B237-3F85-5C19-1703-38F12A4999FB">
<sourceDDLFile>model.sql</sourceDDLFile>
<createdBy>diego</createdBy>
<createdTime>2025-10-13 02:07:57 UTC</createdTime>
<ownerDesignName>s9</ownerDesignName>
<importedID>D41CFBF5-2C53-BCF0-4129-FA61271C4F38</importedID>
<use>0</use>
<logicalDatatype>LOGDT024</logicalDatatype>
<domain>6AB2A574-0121-43A7-EF3E-DF5CF44137AC</domain>
<ownDataTypeParameters>,,</ownDataTypeParameters>
<autoIncrementCycle>false</autoIncrementCycle>
</Column>
<Column name="hora_inicio" id="DFEE4C2D-86D8-D6B0-E812-E4FA93648B53">
<sourceDDLFile>model.sql</sourceDDLFile>
<createdBy>diego</createdBy>
<createdTime>2025-10-13 02:07:57 UTC</createdTime>
<ownerDesignName>s9</ownerDesignName>
<importedID>1C4EA6B0-6AFE-D973-0287-D8969CAD2DA8</importedID>
<use>0</use>
<logicalDatatype>LOGDT025</logicalDatatype>
<domain>CD076DD2-5C73-A8CF-3F31-11F693E8E27C</domain>
<ownDataTypeParameters>,,</ownDataTypeParameters>
<autoIncrementCycle>false</autoIncrementCycle>
</Column>
<Column name="hora_fin" id="F2AE4D52-2008-F5C4-0A27-0816AE256421">
<sourceDDLFile>model.sql</sourceDDLFile>
<createdBy>diego</createdBy>
<createdTime>2025-10-13 02:07:57 UTC</createdTime>
<ownerDesignName>s9</ownerDesignName>
<importedID>1A30AACB-B2FD-DE06-43A0-56EDAA5E61F8</importedID>
<use>0</use>
<logicalDatatype>LOGDT025</logicalDatatype>
<domain>CD076DD2-5C73-A8CF-3F31-11F693E8E27C</domain>
<ownDataTypeParameters>,,</ownDataTypeParameters>
<autoIncrementCycle>false</autoIncrementCycle>
</Column>
</columns>
<indexes itemClass="oracle.dbtools.crest.model.design.relational.Index">
<ind_PK_UK id="D154A1B7-6D3F-F1B2-7CCD-12568DC1745F" name="pk_turno">
<sourceDDLFile>model.sql</sourceDDLFile>
<createdBy>diego</createdBy>
<createdTime>2025-10-13 02:07:57 UTC</createdTime>
<ownerDesignName>s9</ownerDesignName>
<importedID>A436B21D-6490-6AB3-BA38-4F9D0B92E8D6</importedID>
<pk>true</pk>
<indexState>Primary Constraint</indexState>
<isSurrogateKey>false</isSurrogateKey>
<indexColumnUsage>
<colUsage columnID="D852AD88-EA92-C61A-B35E-0E0B9C3D6508"/>
</indexColumnUsage>
</ind_PK_UK>
<ind_PK_UK id="A1BA14B8-1630-57D0-B18A-DDEF3B35D9A5" name="uk_turno_nombre">
<sourceDDLFile>model.sql</sourceDDLFile>
<createdBy>diego</createdBy>
<createdTime>2025-10-13 02:07:57 UTC</createdTime>
<ownerDesignName>s9</ownerDesignName>
<importedID>9AE347D8-D262-B769-3B15-2F39DBADA3DB</importedID>
<indexState>Unique Constraint</indexState>
<isSurrogateKey>false</isSurrogateKey>
<indexColumnUsage>
<colUsage columnID="5452B237-3F85-5C19-1703-38F12A4999FB"/>
</indexColumnUsage>
</ind_PK_UK>
</indexes>
<tableCheckConstraints itemClass="oracle.dbtools.crest.model.design.constraint.TableLevelConstraint">
<tableCheckConstraint name="ck_turno_horas" directorySegmentName="seg_0" id="966E43F7-E81C-BC44-3D64-12C76B4BBC5A">
<sourceDDLFile>model.sql</sourceDDLFile>
<createdBy>diego</createdBy>
<createdTime>2025-10-13 02:07:57 UTC</createdTime>
<ownerDesignName>s9</ownerDesignName>
<importedID>70DA6E81-E388-D70B-962C-A660D66AF381</importedID>
<rule><![CDATA[(hora_inicio LIKE '__:__' AND hora_fin LIKE '__:__')]]></rule>
</tableCheckConstraint>
</tableCheckConstraints>
</Table>