<?xml version = '1.0' encoding = 'UTF-8'?>
<relationalModel class="oracle.dbtools.crest.model.design.relational.RelationalDesign" name="Relational_1" id="4805BEB8-5886-089F-35F9-DD68C9534DE8" mainViewID="D4232FAE-D7B6-8084-2E19-63E3A376AF5D">
<createdBy>diego</createdBy>
<createdTime>2025-10-13 02:07:39 UTC</createdTime>
<ownerDesignName>s9</ownerDesignName>
<shouldBeOpen>false</shouldBeOpen>
<selectedRDBMSSite>01F6E6D1-21D0-CFBD-ABDD-3988D1813575</selectedRDBMSSite>
<importDDLFileStamps>
<importDDLFileStamp class="oracle.dbtools.crest.imports.DDLFileStamp">
<fileName>model.sql</fileName>
<pathName>/home/diego/projects/mbd/s9</pathName>
<dbType>17</dbType>
</importDDLFileStamp>
</importDDLFileStamps>
</relationalModel>