<?xml version = '1.0' encoding = 'UTF-8'?>
<Entity class="oracle.dbtools.crest.model.design.logical.Entity" directorySegmentName="seg_0" id="372266C9-F000-AE8B-39A4-37D834595F06" name="Empleado">
<createdBy>diego</createdBy>
<createdTime>2025-10-13 02:08:14 UTC</createdTime>
<generatorID>8F4A70FE-355F-9AEA-F951-7F23E1BA9245</generatorID>
<ownerDesignName>s9</ownerDesignName>
<engineerTo>
<item key="4805BEB8-5886-089F-35F9-DD68C9534DE8" value="true"/>
</engineerTo>
<adequatelyNormalized>NO</adequatelyNormalized>
<expectedVolumes>0</expectedVolumes>
<fwdEngineeringStrategyName>Single Table</fwdEngineeringStrategyName>
<growthPercent>0</growthPercent>
<growthType>Year</growthType>
<maxVolumes>9999999</maxVolumes>
<minVolumes>0</minVolumes>
<normalForm>Third</normalForm>
<attributes itemClass="oracle.dbtools.crest.model.design.logical.Attribute">
<Attribute name="id empleado" id="669738AF-489F-B4BF-F6C9-5EAF99D86613">
<createdBy>diego</createdBy>
<createdTime>2025-10-13 02:08:14 UTC</createdTime>
<generatorID>B985519D-5D8D-92A9-FCAF-D528267B308D</generatorID>
<ownerDesignName>s9</ownerDesignName>
<engineerTo>
<item key="4805BEB8-5886-089F-35F9-DD68C9534DE8" value="true"/>
</engineerTo>
<use>0</use>
<logicalDatatype>LOGDT019</logicalDatatype>
<domain>34EE5D7E-67F5-DA8A-6250-6597886EE4D4</domain>
<ownDataTypeParameters>,,</ownDataTypeParameters>
</Attribute>
<Attribute name="rut" id="F7C5D63C-2323-3643-EBFA-7827F0AACDCF">
<createdBy>diego</createdBy>
<createdTime>2025-10-13 02:08:14 UTC</createdTime>
<generatorID>CDCDAB44-F7FD-03AC-CC76-DD0C09163DF1</generatorID>
<ownerDesignName>s9</ownerDesignName>
<engineerTo>
<item key="4805BEB8-5886-089F-35F9-DD68C9534DE8" value="true"/>
</engineerTo>
<use>0</use>
<logicalDatatype>LOGDT024</logicalDatatype>
<domain>B57BE0F1-0173-4EDE-BD11-07AB599C75AF</domain>
<ownDataTypeParameters>,,</ownDataTypeParameters>
</Attribute>
<Attribute name="nombres" id="DDBE63B6-5182-95E5-0604-724D631DBFE0">
<createdBy>diego</createdBy>
<createdTime>2025-10-13 02:08:14 UTC</createdTime>
<generatorID>044DE8BA-038D-84AF-C8C6-8B329E0AE2B6</generatorID>
<ownerDesignName>s9</ownerDesignName>
<engineerTo>
<item key="4805BEB8-5886-089F-35F9-DD68C9534DE8" value="true"/>
</engineerTo>
<use>0</use>
<logicalDatatype>LOGDT024</logicalDatatype>
<domain>B0452B0E-3A1D-8FA9-E498-77B64E4C9705</domain>
<ownDataTypeParameters>,,</ownDataTypeParameters>
</Attribute>
<Attribute name="apellidos" id="52F764B0-AE43-DD5A-36FD-6BE5ECB7B1F8">
<createdBy>diego</createdBy>
<createdTime>2025-10-13 02:08:14 UTC</createdTime>
<generatorID>A490856C-4AB3-4346-A50D-70F062AF4794</generatorID>
<ownerDesignName>s9</ownerDesignName>
<engineerTo>
<item key="4805BEB8-5886-089F-35F9-DD68C9534DE8" value="true"/>
</engineerTo>
<use>0</use>
<logicalDatatype>LOGDT024</logicalDatatype>
<domain>B0452B0E-3A1D-8FA9-E498-77B64E4C9705</domain>
<ownDataTypeParameters>,,</ownDataTypeParameters>
</Attribute>
<Attribute name="fecha contratacion" id="DD3FD78C-FEEA-B39F-52D0-1F8E7FA69C56">
<createdBy>diego</createdBy>
<createdTime>2025-10-13 02:08:14 UTC</createdTime>
<generatorID>88B70DDD-B18A-28A5-C8FE-B366CC706065</generatorID>
<ownerDesignName>s9</ownerDesignName>
<engineerTo>
<item key="4805BEB8-5886-089F-35F9-DD68C9534DE8" value="true"/>
</engineerTo>
<use>0</use>
<logicalDatatype>LOGDT007</logicalDatatype>
<domain>AB10568D-3F50-7431-063F-094753699243</domain>
<ownDataTypeParameters>,,</ownDataTypeParameters>
</Attribute>
<Attribute name="sueldo base" id="00175E06-B3EA-D700-ECB6-8F71155CE172">
<createdBy>diego</createdBy>
<createdTime>2025-10-13 02:08:14 UTC</createdTime>
<generatorID>3C315925-F845-8B29-3F21-CA9E4B9A3848</generatorID>
<ownerDesignName>s9</ownerDesignName>
<engineerTo>
<item key="4805BEB8-5886-089F-35F9-DD68C9534DE8" value="true"/>
</engineerTo>
<use>0</use>
<logicalDatatype>LOGDT019</logicalDatatype>
<domain>21718C12-F40B-A6DC-D0F2-99C49942DB34</domain>
<ownDataTypeParameters>,,</ownDataTypeParameters>
</Attribute>
<Attribute name="estado activo" id="EA8ED9C0-ABE3-F607-0323-2358D4EB9483">
<createdBy>diego</createdBy>
<createdTime>2025-10-13 02:08:14 UTC</createdTime>
<generatorID>FC08667A-6C96-26D5-457C-A2C2A1E361F1</generatorID>
<ownerDesignName>s9</ownerDesignName>
<engineerTo>
<item key="4805BEB8-5886-089F-35F9-DD68C9534DE8" value="true"/>
</engineerTo>
<use>0</use>
<logicalDatatype>LOGDT025</logicalDatatype>
<domain>64D13EBB-3F1C-AD81-9A7C-25B9E6BF7999</domain>
<defaultValue>&apos;S&apos;</defaultValue>
<ownDataTypeParameters>,,</ownDataTypeParameters>
</Attribute>
<Attribute name="planta id" id="3F78A51D-B05D-D433-EEE7-BA5279E7B200">
<createdBy>diego</createdBy>
<createdTime>2025-10-13 02:08:14 UTC</createdTime>
<generatorID>E5A71EBB-2AD3-BAC3-DA00-ADE51ABE01E3</generatorID>
<ownerDesignName>s9</ownerDesignName>
<engineerTo>
<item key="4805BEB8-5886-089F-35F9-DD68C9534DE8" value="true"/>
</engineerTo>
<referedAttribute>CBF843C7-DC29-4A94-9E19-0DA949CAF5F5</referedAttribute>
<use>0</use>
<logicalDatatype>LOGDT019</logicalDatatype>
<domain>34EE5D7E-67F5-DA8A-6250-6597886EE4D4</domain>
<ownDataTypeParameters>,,</ownDataTypeParameters>
</Attribute>
<Attribute name="afp id" id="502C0852-8B69-3718-2395-A1E08E92FAA0">
<createdBy>diego</createdBy>
<createdTime>2025-10-13 02:08:14 UTC</createdTime>
<generatorID>B4719AB0-6929-A8C0-E7EC-1822DE4795CD</generatorID>
<ownerDesignName>s9</ownerDesignName>
<engineerTo>
<item key="4805BEB8-5886-089F-35F9-DD68C9534DE8" value="true"/>
</engineerTo>
<referedAttribute>1FD16237-3FC9-8CE2-61F0-C82EBBE21A4A</referedAttribute>
<use>0</use>
<logicalDatatype>LOGDT019</logicalDatatype>
<domain>34EE5D7E-67F5-DA8A-6250-6597886EE4D4</domain>
<ownDataTypeParameters>,,</ownDataTypeParameters>
</Attribute>
<Attribute name="sistema salud id" id="96893835-EAFE-EEB7-765C-8ABC41E38ED5">
<createdBy>diego</createdBy>
<createdTime>2025-10-13 02:08:14 UTC</createdTime>
<generatorID>0553FA45-A4A8-BAB0-DEB0-319810E51B93</generatorID>
<ownerDesignName>s9</ownerDesignName>
<engineerTo>
<item key="4805BEB8-5886-089F-35F9-DD68C9534DE8" value="true"/>
</engineerTo>
<referedAttribute>154313E4-1A8D-2BCE-221D-40ABC0BD23AB</referedAttribute>
<use>0</use>
<logicalDatatype>LOGDT019</logicalDatatype>
<domain>34EE5D7E-67F5-DA8A-6250-6597886EE4D4</domain>
<ownDataTypeParameters>,,</ownDataTypeParameters>
</Attribute>
<Attribute name="jefe id" id="8B238305-0CD3-1D95-2A88-7E077153AEBB">
<createdBy>diego</createdBy>
<createdTime>2025-10-13 02:08:14 UTC</createdTime>
<generatorID>BAC6C304-A60F-8DD4-D249-050F666142D5</generatorID>
<ownerDesignName>s9</ownerDesignName>
<engineerTo>
<item key="4805BEB8-5886-089F-35F9-DD68C9534DE8" value="true"/>
</engineerTo>
<nullsAllowed>true</nullsAllowed>
<referedAttribute>669738AF-489F-B4BF-F6C9-5EAF99D86613</referedAttribute>
<use>0</use>
<logicalDatatype>LOGDT019</logicalDatatype>
<domain>34EE5D7E-67F5-DA8A-6250-6597886EE4D4</domain>
<ownDataTypeParameters>,,</ownDataTypeParameters>
</Attribute>
<Attribute name="tipo empleado" id="023B920C-4E3E-E028-F8C1-1418EA4C3041">
<createdBy>diego</createdBy>
<createdTime>2025-10-13 02:08:14 UTC</createdTime>
<generatorID>8E079020-4DD5-FE9D-8F5C-919EDA5672CB</generatorID>
<ownerDesignName>s9</ownerDesignName>
<engineerTo>
<item key="4805BEB8-5886-089F-35F9-DD68C9534DE8" value="true"/>
</engineerTo>
<use>0</use>
<logicalDatatype>LOGDT024</logicalDatatype>
<domain>01A35EF7-7E08-B67E-05E7-B9A87E865F29</domain>
<ownDataTypeParameters>,,</ownDataTypeParameters>
</Attribute>
<Attribute name="area responsabilidad" id="E4F4E179-7E21-A383-48ED-095DF0445629">
<createdBy>diego</createdBy>
<createdTime>2025-10-13 02:08:14 UTC</createdTime>
<generatorID>423FD794-A7DE-74CA-D11F-7B805EE408EB</generatorID>
<ownerDesignName>s9</ownerDesignName>
<engineerTo>
<item key="4805BEB8-5886-089F-35F9-DD68C9534DE8" value="true"/>
</engineerTo>
<nullsAllowed>true</nullsAllowed>
<use>0</use>
<logicalDatatype>LOGDT024</logicalDatatype>
<domain>B0452B0E-3A1D-8FA9-E498-77B64E4C9705</domain>
<ownDataTypeParameters>,,</ownDataTypeParameters>
</Attribute>
<Attribute name="max operarios" id="400C1D8E-CAB3-31CC-35F1-D00BB7031E19">
<createdBy>diego</createdBy>
<createdTime>2025-10-13 02:08:14 UTC</createdTime>
<generatorID>62D7D4F2-6951-7D53-AE37-2EFD5D4C8697</generatorID>
<ownerDesignName>s9</ownerDesignName>
<engineerTo>
<item key="4805BEB8-5886-089F-35F9-DD68C9534DE8" value="true"/>
</engineerTo>
<nullsAllowed>true</nullsAllowed>
<use>0</use>
<logicalDatatype>LOGDT019</logicalDatatype>
<domain>34EE5D7E-67F5-DA8A-6250-6597886EE4D4</domain>
<ownDataTypeParameters>,,</ownDataTypeParameters>
</Attribute>
<Attribute name="categoria proceso" id="A828C35B-4BFA-8D79-CF43-B4D8D5510A81">
<createdBy>diego</createdBy>
<createdTime>2025-10-13 02:08:14 UTC</createdTime>
<generatorID>5768DA18-BE8F-DE1E-4BA4-BCE347FB7556</generatorID>
<ownerDesignName>s9</ownerDesignName>
<engineerTo>
<item key="4805BEB8-5886-089F-35F9-DD68C9534DE8" value="true"/>
</engineerTo>
<nullsAllowed>true</nullsAllowed>
<use>0</use>
<logicalDatatype>LOGDT024</logicalDatatype>
<domain>6AB2A574-0121-43A7-EF3E-DF5CF44137AC</domain>
<ownDataTypeParameters>,,</ownDataTypeParameters>
</Attribute>
<Attribute name="certificacion" id="E8072421-A6A5-BAEF-C487-C5A9D203F948">
<createdBy>diego</createdBy>
<createdTime>2025-10-13 02:08:14 UTC</createdTime>
<generatorID>CF725882-438D-4AA9-5E2D-8ED250C8F3CE</generatorID>
<ownerDesignName>s9</ownerDesignName>
<engineerTo>
<item key="4805BEB8-5886-089F-35F9-DD68C9534DE8" value="true"/>
</engineerTo>
<nullsAllowed>true</nullsAllowed>
<use>0</use>
<logicalDatatype>LOGDT024</logicalDatatype>
<domain>B0452B0E-3A1D-8FA9-E498-77B64E4C9705</domain>
<ownDataTypeParameters>,,</ownDataTypeParameters>
</Attribute>
<Attribute name="horas estandar turno" id="DC0A1C2E-9E91-8B3B-D265-7F7EF92711A2">
<createdBy>diego</createdBy>
<createdTime>2025-10-13 02:08:14 UTC</createdTime>
<generatorID>0CAB48B6-AC71-F656-352C-7218973217BE</generatorID>
<ownerDesignName>s9</ownerDesignName>
<engineerTo>
<item key="4805BEB8-5886-089F-35F9-DD68C9534DE8" value="true"/>
</engineerTo>
<nullsAllowed>true</nullsAllowed>
<use>0</use>
<logicalDatatype>LOGDT019</logicalDatatype>
<domain>34EE5D7E-67F5-DA8A-6250-6597886EE4D4</domain>
<defaultValue>8</defaultValue>
<ownDataTypeParameters>,,</ownDataTypeParameters>
</Attribute>
<Attribute name="especialidad" id="6623C584-56E5-C444-10DC-494329161E7C">
<createdBy>diego</createdBy>
<createdTime>2025-10-13 02:08:14 UTC</createdTime>
<generatorID>7330B031-146B-61D6-51AC-E592FD1CF324</generatorID>
<ownerDesignName>s9</ownerDesignName>
<engineerTo>
<item key="4805BEB8-5886-089F-35F9-DD68C9534DE8" value="true"/>
</engineerTo>
<nullsAllowed>true</nullsAllowed>
<use>0</use>
<logicalDatatype>LOGDT024</logicalDatatype>
<domain>6AB2A574-0121-43A7-EF3E-DF5CF44137AC</domain>
<ownDataTypeParameters>,,</ownDataTypeParameters>
</Attribute>
<Attribute name="nivel certificacion" id="6264F793-34B4-CD6E-66AE-AEB93081069A">
<createdBy>diego</createdBy>
<createdTime>2025-10-13 02:08:14 UTC</createdTime>
<generatorID>049B5A50-8965-3160-CF1F-84A775370764</generatorID>
<ownerDesignName>s9</ownerDesignName>
<engineerTo>
<item key="4805BEB8-5886-089F-35F9-DD68C9534DE8" value="true"/>
</engineerTo>
<nullsAllowed>true</nullsAllowed>
<use>0</use>
<logicalDatatype>LOGDT024</logicalDatatype>
<domain>6AB2A574-0121-43A7-EF3E-DF5CF44137AC</domain>
<ownDataTypeParameters>,,</ownDataTypeParameters>
</Attribute>
<Attribute name="tiempo respuesta estandar" id="C5EB9190-631F-0694-56EB-C7FE4025C1CE">
<createdBy>diego</createdBy>
<createdTime>2025-10-13 02:08:14 UTC</createdTime>
<generatorID>4A66C64D-DFC4-9F95-5309-FAE83F3ED5A1</generatorID>
<ownerDesignName>s9</ownerDesignName>
<engineerTo>
<item key="4805BEB8-5886-089F-35F9-DD68C9534DE8" value="true"/>
</engineerTo>
<nullsAllowed>true</nullsAllowed>
<use>0</use>
<logicalDatatype>LOGDT019</logicalDatatype>
<domain>34EE5D7E-67F5-DA8A-6250-6597886EE4D4</domain>
<ownDataTypeParameters>,,</ownDataTypeParameters>
</Attribute>
</attributes>
<identifiers itemClass="oracle.dbtools.crest.model.design.logical.CandidateKey">
<identifier id="5B78CFD4-5059-AA5B-8EA9-7B64556448A7" name="pk empleado">
<createdBy>diego</createdBy>
<createdTime>2025-10-13 02:08:14 UTC</createdTime>
<generatorID>A68A04B1-74FF-CCDC-4726-49EA6BFBE148</generatorID>
<ownerDesignName>s9</ownerDesignName>
<engineerTo>
<item key="4805BEB8-5886-089F-35F9-DD68C9534DE8" value="true"/>
</engineerTo>
<pk>true</pk>
<usedAttributes>
<attributeRef>669738AF-489F-B4BF-F6C9-5EAF99D86613</attributeRef>
</usedAttributes>
</identifier>
<identifier id="8A70E773-DC07-A3D4-F862-6901AA69A944" name="uk empleado rut">
<createdBy>diego</createdBy>
<createdTime>2025-10-13 02:08:14 UTC</createdTime>
<generatorID>FB822011-B263-8447-BD22-8BF467F1A296</generatorID>
<ownerDesignName>s9</ownerDesignName>
<engineerTo>
<item key="4805BEB8-5886-089F-35F9-DD68C9534DE8" value="true"/>
</engineerTo>
<usedAttributes>
<attributeRef>F7C5D63C-2323-3643-EBFA-7827F0AACDCF</attributeRef>
</usedAttributes>
</identifier>
</identifiers>
</Entity>