<?xml version = '1.0' encoding = 'UTF-8'?>
<Entity class="oracle.dbtools.crest.model.design.logical.Entity" directorySegmentName="seg_0" id="6841DED0-A6B5-FD08-39D6-8104DD418A3C" name="Asignacion Turno">
<createdBy>diego</createdBy>
<createdTime>2025-10-13 02:08:14 UTC</createdTime>
<generatorID>9831EF73-3103-2C1B-C154-5772EA1C6686</generatorID>
<ownerDesignName>s9</ownerDesignName>
<engineerTo>
<item key="4805BEB8-5886-089F-35F9-DD68C9534DE8" value="true"/>
</engineerTo>
<adequatelyNormalized>NO</adequatelyNormalized>
<expectedVolumes>0</expectedVolumes>
<fwdEngineeringStrategyName>Single Table</fwdEngineeringStrategyName>
<growthPercent>0</growthPercent>
<growthType>Year</growthType>
<maxVolumes>9999999</maxVolumes>
<minVolumes>0</minVolumes>
<normalForm>Third</normalForm>
<attributes itemClass="oracle.dbtools.crest.model.design.logical.Attribute">
<Attribute name="id asignacion" id="DA4AE3C6-DF05-4A18-27DA-5B4B67EC8DF7">
<createdBy>diego</createdBy>
<createdTime>2025-10-13 02:08:14 UTC</createdTime>
<generatorID>DD91268B-64DF-DFCD-5F8D-98CEBC833F68</generatorID>
<ownerDesignName>s9</ownerDesignName>
<engineerTo>
<item key="4805BEB8-5886-089F-35F9-DD68C9534DE8" value="true"/>
</engineerTo>
<use>0</use>
<logicalDatatype>LOGDT019</logicalDatatype>
<domain>34EE5D7E-67F5-DA8A-6250-6597886EE4D4</domain>
<ownDataTypeParameters>,,</ownDataTypeParameters>
</Attribute>
<Attribute name="empleado id" id="5C71B766-E724-2C87-4F59-C869AB69141B">
<createdBy>diego</createdBy>
<createdTime>2025-10-13 02:08:14 UTC</createdTime>
<generatorID>38D08251-B510-04C1-54FD-A9D89086DEEA</generatorID>
<ownerDesignName>s9</ownerDesignName>
<engineerTo>
<item key="4805BEB8-5886-089F-35F9-DD68C9534DE8" value="true"/>
</engineerTo>
<referedAttribute>669738AF-489F-B4BF-F6C9-5EAF99D86613</referedAttribute>
<use>0</use>
<logicalDatatype>LOGDT019</logicalDatatype>
<domain>34EE5D7E-67F5-DA8A-6250-6597886EE4D4</domain>
<ownDataTypeParameters>,,</ownDataTypeParameters>
</Attribute>
<Attribute name="turno id" id="D4FD74B7-F828-0918-96B8-190A05D33F1C">
<createdBy>diego</createdBy>
<createdTime>2025-10-13 02:08:14 UTC</createdTime>
<generatorID>4CF8C215-6918-CEC5-6214-B9CEBA6A0C31</generatorID>
<ownerDesignName>s9</ownerDesignName>
<engineerTo>
<item key="4805BEB8-5886-089F-35F9-DD68C9534DE8" value="true"/>
</engineerTo>
<referedAttribute>182C3C04-FC43-1CFD-8C15-B8C49F130D03</referedAttribute>
<use>0</use>
<logicalDatatype>LOGDT019</logicalDatatype>
<domain>34EE5D7E-67F5-DA8A-6250-6597886EE4D4</domain>
<ownDataTypeParameters>,,</ownDataTypeParameters>
</Attribute>
<Attribute name="maquina numero" id="CE961DDD-E30A-BD2D-2A2C-B50F76839E91">
<createdBy>diego</createdBy>
<createdTime>2025-10-13 02:08:14 UTC</createdTime>
<generatorID>55842470-1348-B10A-E17C-FA102DA4E3F2</generatorID>
<ownerDesignName>s9</ownerDesignName>
<engineerTo>
<item key="4805BEB8-5886-089F-35F9-DD68C9534DE8" value="true"/>
</engineerTo>
<referedAttribute>B6154DCF-0DDC-9C3C-8046-1802BF13ACFA</referedAttribute>
<use>0</use>
<logicalDatatype>LOGDT019</logicalDatatype>
<domain>34EE5D7E-67F5-DA8A-6250-6597886EE4D4</domain>
<ownDataTypeParameters>,,</ownDataTypeParameters>
</Attribute>
<Attribute name="maquina planta id" id="8FAF607F-2DAD-60ED-6726-E81C887109B6">
<createdBy>diego</createdBy>
<createdTime>2025-10-13 02:08:14 UTC</createdTime>
<generatorID>55842470-1348-B10A-E17C-FA102DA4E3F2</generatorID>
<ownerDesignName>s9</ownerDesignName>
<engineerTo>
<item key="4805BEB8-5886-089F-35F9-DD68C9534DE8" value="true"/>
</engineerTo>
<referedAttribute>5A9B8C6B-BF75-7C3E-D8FD-6581EA7C0A5B</referedAttribute>
<use>0</use>
<logicalDatatype>LOGDT019</logicalDatatype>
<domain>34EE5D7E-67F5-DA8A-6250-6597886EE4D4</domain>
<ownDataTypeParameters>,,</ownDataTypeParameters>
</Attribute>
<Attribute name="fecha" id="1DB86608-06E3-E915-4462-D01A39D4287E">
<createdBy>diego</createdBy>
<createdTime>2025-10-13 02:08:14 UTC</createdTime>
<generatorID>31730685-2C20-529F-4E87-EBD8B74C1A30</generatorID>
<ownerDesignName>s9</ownerDesignName>
<engineerTo>
<item key="4805BEB8-5886-089F-35F9-DD68C9534DE8" value="true"/>
</engineerTo>
<use>0</use>
<logicalDatatype>LOGDT007</logicalDatatype>
<domain>AB10568D-3F50-7431-063F-094753699243</domain>
<ownDataTypeParameters>,,</ownDataTypeParameters>
</Attribute>
<Attribute name="rol" id="AD121EE1-B826-AD75-C225-96B258F94CEA">
<createdBy>diego</createdBy>
<createdTime>2025-10-13 02:08:14 UTC</createdTime>
<generatorID>0C9A7F34-8E77-0CF4-7397-CDD02FD055AC</generatorID>
<ownerDesignName>s9</ownerDesignName>
<engineerTo>
<item key="4805BEB8-5886-089F-35F9-DD68C9534DE8" value="true"/>
</engineerTo>
<use>0</use>
<logicalDatatype>LOGDT024</logicalDatatype>
<domain>6AB2A574-0121-43A7-EF3E-DF5CF44137AC</domain>
<ownDataTypeParameters>,,</ownDataTypeParameters>
</Attribute>
</attributes>
<identifiers itemClass="oracle.dbtools.crest.model.design.logical.CandidateKey">
<identifier id="7D0BE1BE-0810-94F6-67B1-295D8FFB1E73" name="pk asignacion turno">
<createdBy>diego</createdBy>
<createdTime>2025-10-13 02:08:14 UTC</createdTime>
<generatorID>9EC9EA9F-EA44-8A56-A789-3384F2B8CC4B</generatorID>
<ownerDesignName>s9</ownerDesignName>
<engineerTo>
<item key="4805BEB8-5886-089F-35F9-DD68C9534DE8" value="true"/>
</engineerTo>
<pk>true</pk>
<usedAttributes>
<attributeRef>DA4AE3C6-DF05-4A18-27DA-5B4B67EC8DF7</attributeRef>
</usedAttributes>
</identifier>
<identifier id="E5B8F5E1-A91C-ABF2-36FD-65D040A491A9" name="uk empleado fecha">
<createdBy>diego</createdBy>
<createdTime>2025-10-13 02:08:14 UTC</createdTime>
<generatorID>71074888-A138-70C0-D21B-83BE3741727D</generatorID>
<ownerDesignName>s9</ownerDesignName>
<engineerTo>
<item key="4805BEB8-5886-089F-35F9-DD68C9534DE8" value="true"/>
</engineerTo>
<usedAttributes>
<attributeRef>5C71B766-E724-2C87-4F59-C869AB69141B</attributeRef>
<attributeRef>1DB86608-06E3-E915-4462-D01A39D4287E</attributeRef>
</usedAttributes>
</identifier>
</identifiers>
</Entity>