<?xml version = '1.0' encoding = 'UTF-8'?>
<FKIndexAssociation class="oracle.dbtools.crest.model.design.relational.FKIndexAssociation" directorySegmentName="seg_0" id="0F088A33-A14E-44A2-56D8-695F0D40FE6F" containerWithKeyObject="F7358DD0-AB6D-786F-B933-B1A154D256B4" localFKIndex="88155DD1-FCE8-00FE-216E-382781239FC2" name="fk_reserva_pasajero">
<sourceDDLFile>BBT_Airways_DDL.sql</sourceDDLFile>
<createdBy>diego</createdBy>
<createdTime>2025-08-25 18:17:36 UTC</createdTime>
<ownerDesignName>Base_model</ownerDesignName>
<referredTableLongName>PASAJERO</referredTableLongName>
<deleteRule>NO ACTION</deleteRule>
<referredTableID>C1950C8B-595B-CA41-64B1-1B7CCE0012EC</referredTableID>
<keyObject>E73DF0A0-23A9-0C4A-64EF-80024C693EA4</keyObject>
<referredKeyID>E73DF0A0-23A9-0C4A-64EF-80024C693EA4</referredKeyID>
<mandatory>true</mandatory>
<refColNames>pasaporte_ci</refColNames>
<transferable>true</transferable>
<rely>false</rely>
<columnDependencyConstraintGenerateInDDL>true</columnDependencyConstraintGenerateInDDL>
</FKIndexAssociation>
