<?xml version = '1.0' encoding = 'UTF-8'?>
<FKIndexAssociation class="oracle.dbtools.crest.model.design.relational.FKIndexAssociation" directorySegmentName="seg_0" id="10A2C7C5-FB33-30FD-5C9B-A12B980B7479" containerWithKeyObject="168C4BCE-4897-2826-796E-3F69955CA8E1" localFKIndex="50934B74-E54E-4447-26AE-D5E2049F1225" name="fk_equipaje_pasajero">
<sourceDDLFile>BBT_Airways_DDL.sql</sourceDDLFile>
<createdBy>diego</createdBy>
<createdTime>2025-08-25 18:17:36 UTC</createdTime>
<ownerDesignName>Base_model</ownerDesignName>
<referredTableLongName>PASAJERO</referredTableLongName>
<deleteRule>NO ACTION</deleteRule>
<referredTableID>C1950C8B-595B-CA41-64B1-1B7CCE0012EC</referredTableID>
<keyObject>E73DF0A0-23A9-0C4A-64EF-80024C693EA4</keyObject>
<referredKeyID>E73DF0A0-23A9-0C4A-64EF-80024C693EA4</referredKeyID>
<mandatory>true</mandatory>
<refColNames>pasaporte_ci</refColNames>
<transferable>true</transferable>
<rely>false</rely>
<columnDependencyConstraintGenerateInDDL>true</columnDependencyConstraintGenerateInDDL>
</FKIndexAssociation>
