<?xml version = '1.0' encoding = 'UTF-8'?>
<FKIndexAssociation class="oracle.dbtools.crest.model.design.relational.FKIndexAssociation" directorySegmentName="seg_0" id="479FFEDF-6B8C-FECB-2F1A-5C444AE88434" containerWithKeyObject="2869E0A1-74DA-F1DE-7D7A-612D4B004FBE" localFKIndex="D0BBA114-1295-51BA-2BCF-603C1704259D" name="fk_administrativo_empleado">
<sourceDDLFile>BBT_Airways_DDL.sql</sourceDDLFile>
<createdBy>diego</createdBy>
<createdTime>2025-08-25 18:17:36 UTC</createdTime>
<ownerDesignName>Base_model</ownerDesignName>
<referredTableLongName>EMPLEADO</referredTableLongName>
<deleteRule>NO ACTION</deleteRule>
<referredTableID>D9D03637-C60B-185E-C9CA-6D1073A27BDF</referredTableID>
<keyObject>F7497321-95C0-52BF-FB67-A360AFEABA8B</keyObject>
<referredKeyID>F7497321-95C0-52BF-FB67-A360AFEABA8B</referredKeyID>
<mandatory>true</mandatory>
<refColNames>rut</refColNames>
<transferable>true</transferable>
<rely>false</rely>
<columnDependencyConstraintGenerateInDDL>true</columnDependencyConstraintGenerateInDDL>
</FKIndexAssociation>
