<?xml version = '1.0' encoding = 'UTF-8'?>
<FKIndexAssociation class="oracle.dbtools.crest.model.design.relational.FKIndexAssociation" directorySegmentName="seg_0" id="92853090-F45F-A261-2692-23AB8BAF21AE" containerWithKeyObject="F7358DD0-AB6D-786F-B933-B1A154D256B4" localFKIndex="D1783962-DBD1-A4AE-F84C-690130363DAF" name="fk_reserva_empleado">
<sourceDDLFile>BBT_Airways_DDL.sql</sourceDDLFile>
<createdBy>diego</createdBy>
<createdTime>2025-08-25 18:17:36 UTC</createdTime>
<ownerDesignName>Base_model</ownerDesignName>
<referredTableLongName>EMPLEADO</referredTableLongName>
<deleteRule>NO ACTION</deleteRule>
<referredTableID>D9D03637-C60B-185E-C9CA-6D1073A27BDF</referredTableID>
<keyObject>F7497321-95C0-52BF-FB67-A360AFEABA8B</keyObject>
<referredKeyID>F7497321-95C0-52BF-FB67-A360AFEABA8B</referredKeyID>
<mandatory>true</mandatory>
<refColNames>rut</refColNames>
<transferable>true</transferable>
<rely>false</rely>
<columnDependencyConstraintGenerateInDDL>true</columnDependencyConstraintGenerateInDDL>
</FKIndexAssociation>
