<?xml version = '1.0' encoding = 'UTF-8'?>
<FKIndexAssociation class="oracle.dbtools.crest.model.design.relational.FKIndexAssociation" directorySegmentName="seg_0" id="95BFB020-E253-659F-4DFA-63C74DCA6644" containerWithKeyObject="481D8242-A965-7557-65E0-B051F46C604B" localFKIndex="3C47000F-BE3A-A399-A856-03ADB22DD910" name="fk_piloto_empleado">
<sourceDDLFile>BBT_Airways_DDL.sql</sourceDDLFile>
<createdBy>diego</createdBy>
<createdTime>2025-08-25 18:17:36 UTC</createdTime>
<ownerDesignName>Base_model</ownerDesignName>
<referredTableLongName>EMPLEADO</referredTableLongName>
<deleteRule>NO ACTION</deleteRule>
<referredTableID>D9D03637-C60B-185E-C9CA-6D1073A27BDF</referredTableID>
<keyObject>F7497321-95C0-52BF-FB67-A360AFEABA8B</keyObject>
<referredKeyID>F7497321-95C0-52BF-FB67-A360AFEABA8B</referredKeyID>
<mandatory>true</mandatory>
<refColNames>rut</refColNames>
<transferable>true</transferable>
<rely>false</rely>
<columnDependencyConstraintGenerateInDDL>true</columnDependencyConstraintGenerateInDDL>
</FKIndexAssociation>
