<?xml version = '1.0' encoding = 'UTF-8'?>
<FKIndexAssociation class="oracle.dbtools.crest.model.design.relational.FKIndexAssociation" directorySegmentName="seg_0" id="972486E0-EAEE-4F9F-FB83-75159317296E" containerWithKeyObject="0CCB4EAC-071A-40FF-B2DD-02FD955C52A8" localFKIndex="913451AB-B99A-C4EC-27E6-3FEC2F89AE02" name="fk_vuelo_avion">
<sourceDDLFile>BBT_Airways_DDL.sql</sourceDDLFile>
<createdBy>diego</createdBy>
<createdTime>2025-08-25 18:17:36 UTC</createdTime>
<ownerDesignName>Base_model</ownerDesignName>
<referredTableLongName>AVION</referredTableLongName>
<deleteRule>NO ACTION</deleteRule>
<referredTableID>AE409193-F322-6EA4-F978-61EF9823262B</referredTableID>
<keyObject>0D739CED-4CDE-1941-1BFA-D0F9E3CBF281</keyObject>
<referredKeyID>0D739CED-4CDE-1941-1BFA-D0F9E3CBF281</referredKeyID>
<mandatory>true</mandatory>
<refColNames>matricula</refColNames>
<transferable>true</transferable>
<rely>false</rely>
<columnDependencyConstraintGenerateInDDL>true</columnDependencyConstraintGenerateInDDL>
</FKIndexAssociation>
