<?xml version = '1.0' encoding = 'UTF-8'?>
<FKIndexAssociation class="oracle.dbtools.crest.model.design.relational.FKIndexAssociation" directorySegmentName="seg_0" id="AD5362B5-5D99-871A-AF61-1A653E4A00D9" containerWithKeyObject="F7358DD0-AB6D-786F-B933-B1A154D256B4" localFKIndex="7658F5CD-7A86-31DD-FE6D-CFF25ECADF2E" name="fk_reserva_vuelo">
<sourceDDLFile>BBT_Airways_DDL.sql</sourceDDLFile>
<createdBy>diego</createdBy>
<createdTime>2025-08-25 18:17:36 UTC</createdTime>
<ownerDesignName>Base_model</ownerDesignName>
<referredTableLongName>VUELO</referredTableLongName>
<deleteRule>NO ACTION</deleteRule>
<referredTableID>0CCB4EAC-071A-40FF-B2DD-02FD955C52A8</referredTableID>
<keyObject>BE463BB6-1C6D-7D67-BBE1-7AE8DA1B240C</keyObject>
<referredKeyID>BE463BB6-1C6D-7D67-BBE1-7AE8DA1B240C</referredKeyID>
<mandatory>true</mandatory>
<refColNames>numero_vuelo</refColNames>
<transferable>true</transferable>
<rely>false</rely>
<columnDependencyConstraintGenerateInDDL>true</columnDependencyConstraintGenerateInDDL>
</FKIndexAssociation>
