<?xml version = '1.0' encoding = 'UTF-8'?>
<TableProxyOraclev20c class="oracle.dbtools.crest.model.design.storage.oracle.v20c.TableProxyOraclev20c" name="Empleado" directorySegmentName="seg_0" id="8F4A70FE-355F-9AEA-F951-7F23E1BA9245">
<createdBy>diego</createdBy>
<createdTime>2025-10-13 02:07:57 UTC</createdTime>
<ownerDesignName>s9</ownerDesignName>
<logging>YES</logging>
<partitionedRowMovement>DISABLE</partitionedRowMovement>
<temporaryChanged>false</temporaryChanged>
<accessDriverType>oracle_loader</accessDriverType>
<rejectLimit></rejectLimit>
<columnProxies itemClass="oracle.dbtools.crest.model.design.storage.oracle.v12c.ColumnProxyOraclev12c">
<ColumnProxy name="nombres" id="044DE8BA-038D-84AF-C8C6-8B329E0AE2B6">
<createdBy>diego</createdBy>
<createdTime>2025-10-13 02:07:57 UTC</createdTime>
<ownerDesignName>s9</ownerDesignName>
</ColumnProxy>
<ColumnProxy name="nivel_certificacion" id="049B5A50-8965-3160-CF1F-84A775370764">
<createdBy>diego</createdBy>
<createdTime>2025-10-13 02:07:57 UTC</createdTime>
<ownerDesignName>s9</ownerDesignName>
</ColumnProxy>
<ColumnProxy name="horas_estandar_turno" id="0CAB48B6-AC71-F656-352C-7218973217BE">
<createdBy>diego</createdBy>
<createdTime>2025-10-13 02:07:57 UTC</createdTime>
<ownerDesignName>s9</ownerDesignName>
<defaultValue>8</defaultValue>
</ColumnProxy>
<ColumnProxy name="afp_id" id="15DA2DAB-C2CD-C283-D5B5-4342B0D20964">
<createdBy>diego</createdBy>
<createdTime>2025-10-13 02:07:57 UTC</createdTime>
<ownerDesignName>s9</ownerDesignName>
</ColumnProxy>
<ColumnProxy name="sueldo_base" id="3C315925-F845-8B29-3F21-CA9E4B9A3848">
<createdBy>diego</createdBy>
<createdTime>2025-10-13 02:07:57 UTC</createdTime>
<ownerDesignName>s9</ownerDesignName>
</ColumnProxy>
<ColumnProxy name="area_responsabilidad" id="423FD794-A7DE-74CA-D11F-7B805EE408EB">
<createdBy>diego</createdBy>
<createdTime>2025-10-13 02:07:57 UTC</createdTime>
<ownerDesignName>s9</ownerDesignName>
</ColumnProxy>
<ColumnProxy name="tiempo_respuesta_estandar" id="4A66C64D-DFC4-9F95-5309-FAE83F3ED5A1">
<createdBy>diego</createdBy>
<createdTime>2025-10-13 02:07:57 UTC</createdTime>
<ownerDesignName>s9</ownerDesignName>
</ColumnProxy>
<ColumnProxy name="jefe_id" id="4E7A8149-C7F2-8AA8-18B6-4DBF982F0423">
<createdBy>diego</createdBy>
<createdTime>2025-10-13 02:07:57 UTC</createdTime>
<ownerDesignName>s9</ownerDesignName>
</ColumnProxy>
<ColumnProxy name="planta_id" id="56103372-B317-ACC3-13B7-50AF4FBD24B4">
<createdBy>diego</createdBy>
<createdTime>2025-10-13 02:07:57 UTC</createdTime>
<ownerDesignName>s9</ownerDesignName>
</ColumnProxy>
<ColumnProxy name="categoria_proceso" id="5768DA18-BE8F-DE1E-4BA4-BCE347FB7556">
<createdBy>diego</createdBy>
<createdTime>2025-10-13 02:07:57 UTC</createdTime>
<ownerDesignName>s9</ownerDesignName>
</ColumnProxy>
<ColumnProxy name="max_operarios" id="62D7D4F2-6951-7D53-AE37-2EFD5D4C8697">
<createdBy>diego</createdBy>
<createdTime>2025-10-13 02:07:57 UTC</createdTime>
<ownerDesignName>s9</ownerDesignName>
</ColumnProxy>
<ColumnProxy name="especialidad" id="7330B031-146B-61D6-51AC-E592FD1CF324">
<createdBy>diego</createdBy>
<createdTime>2025-10-13 02:07:57 UTC</createdTime>
<ownerDesignName>s9</ownerDesignName>
</ColumnProxy>
<ColumnProxy name="fecha_contratacion" id="88B70DDD-B18A-28A5-C8FE-B366CC706065">
<createdBy>diego</createdBy>
<createdTime>2025-10-13 02:07:57 UTC</createdTime>
<ownerDesignName>s9</ownerDesignName>
</ColumnProxy>
<ColumnProxy name="tipo_empleado" id="8E079020-4DD5-FE9D-8F5C-919EDA5672CB">
<createdBy>diego</createdBy>
<createdTime>2025-10-13 02:07:57 UTC</createdTime>
<ownerDesignName>s9</ownerDesignName>
</ColumnProxy>
<ColumnProxy name="apellidos" id="A490856C-4AB3-4346-A50D-70F062AF4794">
<createdBy>diego</createdBy>
<createdTime>2025-10-13 02:07:57 UTC</createdTime>
<ownerDesignName>s9</ownerDesignName>
</ColumnProxy>
<ColumnProxy name="id_empleado" id="B985519D-5D8D-92A9-FCAF-D528267B308D">
<createdBy>diego</createdBy>
<createdTime>2025-10-13 02:07:57 UTC</createdTime>
<ownerDesignName>s9</ownerDesignName>
</ColumnProxy>
<ColumnProxy name="rut" id="CDCDAB44-F7FD-03AC-CC76-DD0C09163DF1">
<createdBy>diego</createdBy>
<createdTime>2025-10-13 02:07:57 UTC</createdTime>
<ownerDesignName>s9</ownerDesignName>
</ColumnProxy>
<ColumnProxy name="sistema_salud_id" id="CEAA7EF7-B881-07BE-DE6F-F8FFDFE0C698">
<createdBy>diego</createdBy>
<createdTime>2025-10-13 02:07:57 UTC</createdTime>
<ownerDesignName>s9</ownerDesignName>
</ColumnProxy>
<ColumnProxy name="certificacion" id="CF725882-438D-4AA9-5E2D-8ED250C8F3CE">
<createdBy>diego</createdBy>
<createdTime>2025-10-13 02:07:57 UTC</createdTime>
<ownerDesignName>s9</ownerDesignName>
</ColumnProxy>
<ColumnProxy name="estado_activo" id="FC08667A-6C96-26D5-457C-A2C2A1E361F1">
<createdBy>diego</createdBy>
<createdTime>2025-10-13 02:07:57 UTC</createdTime>
<ownerDesignName>s9</ownerDesignName>
<defaultValue>&apos;S&apos;</defaultValue>
</ColumnProxy>
</columnProxies>
<foreignKeys>
<ForeignKey class="oracle.dbtools.crest.model.design.storage.oracle.v10g.FKProxyOraclev10g" name="fk_empleado_jefe" id="074190AA-1DF1-9E3E-B42C-51F734C3504C">
<createdBy>diego</createdBy>
<createdTime>2025-10-13 02:07:57 UTC</createdTime>
<ownerDesignName>s9</ownerDesignName>
</ForeignKey>
<ForeignKey class="oracle.dbtools.crest.model.design.storage.oracle.v10g.FKProxyOraclev10g" name="fk_empleado_sistema_salud" id="1E1686AA-8256-2446-7543-695DC5B89AD5">
<createdBy>diego</createdBy>
<createdTime>2025-10-13 02:07:57 UTC</createdTime>
<ownerDesignName>s9</ownerDesignName>
</ForeignKey>
<ForeignKey class="oracle.dbtools.crest.model.design.storage.oracle.v10g.FKProxyOraclev10g" name="fk_empleado_afp" id="542D971C-7E73-806B-E19D-ECC1A66AED43">
<createdBy>diego</createdBy>
<createdTime>2025-10-13 02:07:57 UTC</createdTime>
<ownerDesignName>s9</ownerDesignName>
</ForeignKey>
<ForeignKey class="oracle.dbtools.crest.model.design.storage.oracle.v10g.FKProxyOraclev10g" name="fk_empleado_planta" id="875E62FD-79C1-4EBE-5C01-6FA1A1C4A105">
<createdBy>diego</createdBy>
<createdTime>2025-10-13 02:07:57 UTC</createdTime>
<ownerDesignName>s9</ownerDesignName>
</ForeignKey>
</foreignKeys>
<primaryKeys>
<PrimaryKey class="oracle.dbtools.crest.model.design.storage.oracle.v10g.PKProxyOraclev10g" name="pk_empleado" id="A68A04B1-74FF-CCDC-4726-49EA6BFBE148">
<createdBy>diego</createdBy>
<createdTime>2025-10-13 02:07:57 UTC</createdTime>
<ownerDesignName>s9</ownerDesignName>
<indexSort>SORTED</indexSort>
</PrimaryKey>
</primaryKeys>
<tableCheckConstraints itemClass="oracle.dbtools.crest.model.design.storage.oracle.TableCheckConstraintOracle">
<TableCheckConstraint name="ck_empleado_activo" id="2DB9AB4A-0A09-0840-54B7-F8199DF1D4FD">
<createdBy>diego</createdBy>
<createdTime>2025-10-13 02:07:57 UTC</createdTime>
<ownerDesignName>s9</ownerDesignName>
<nameChanged>true</nameChanged>
</TableCheckConstraint>
<TableCheckConstraint name="ck_empleado_tipo" id="80A5E511-DF59-FA0B-5360-7AB1880764A6">
<createdBy>diego</createdBy>
<createdTime>2025-10-13 02:07:57 UTC</createdTime>
<ownerDesignName>s9</ownerDesignName>
<nameChanged>true</nameChanged>
</TableCheckConstraint>
</tableCheckConstraints>
<uniqueKeys>
<UniqueKey class="oracle.dbtools.crest.model.design.storage.oracle.v10g.UniqueOraclev10g" name="uk_empleado_rut" id="FB822011-B263-8447-BD22-8BF467F1A296">
<createdBy>diego</createdBy>
<createdTime>2025-10-13 02:07:57 UTC</createdTime>
<ownerDesignName>s9</ownerDesignName>
<indexSort>SORTED</indexSort>
</UniqueKey>
</uniqueKeys>
</TableProxyOraclev20c>