<?xml version = '1.0' encoding = 'UTF-8'?>
<TableProxyOraclev12c class="oracle.dbtools.crest.model.design.storage.oracle.v12c.TableProxyOraclev12c" name="VUELO" directorySegmentName="seg_0" id="0CCB4EAC-071A-40FF-B2DD-02FD955C52A8">
<createdBy>diego</createdBy>
<createdTime>2025-08-25 18:17:36 UTC</createdTime>
<ownerDesignName>Base_model</ownerDesignName>
<partitionedRowMovement>DISABLE</partitionedRowMovement>
<temporaryChanged>false</temporaryChanged>
<accessDriverType>oracle_loader</accessDriverType>
<rejectLimit></rejectLimit>
<columnProxies itemClass="oracle.dbtools.crest.model.design.storage.oracle.v12c.ColumnProxyOraclev12c">
<ColumnProxy name="fecha_despegue" id="1F90CCBA-9B80-E351-48D3-DB9895FEF7AF">
<createdBy>diego</createdBy>
<createdTime>2025-08-25 18:17:36 UTC</createdTime>
<ownerDesignName>Base_model</ownerDesignName>
</ColumnProxy>
<ColumnProxy name="ciudad_origen" id="4A9BC76D-82F9-817A-02E7-DDEA60BD3D02">
<createdBy>diego</createdBy>
<createdTime>2025-08-25 18:17:36 UTC</createdTime>
<ownerDesignName>Base_model</ownerDesignName>
</ColumnProxy>
<ColumnProxy name="ciudad_destino" id="79DD4E14-D337-7609-C873-D83D70758232">
<createdBy>diego</createdBy>
<createdTime>2025-08-25 18:17:36 UTC</createdTime>
<ownerDesignName>Base_model</ownerDesignName>
</ColumnProxy>
<ColumnProxy name="fecha_llegada" id="CB2C6C0D-D2CC-C9B6-2F41-35517F9F9AC6">
<createdBy>diego</createdBy>
<createdTime>2025-08-25 18:17:36 UTC</createdTime>
<ownerDesignName>Base_model</ownerDesignName>
</ColumnProxy>
<ColumnProxy name="hora_salida" id="E0CB0073-2442-8B95-47BB-E8A6495FCF67">
<createdBy>diego</createdBy>
<createdTime>2025-08-25 18:17:36 UTC</createdTime>
<ownerDesignName>Base_model</ownerDesignName>
</ColumnProxy>
<ColumnProxy name="numero_vuelo" id="F0C6B714-69FA-4E4A-9003-DB7CE1B7FAE5">
<createdBy>diego</createdBy>
<createdTime>2025-08-25 18:17:36 UTC</createdTime>
<ownerDesignName>Base_model</ownerDesignName>
</ColumnProxy>
<ColumnProxy name="matricula" id="FE40BC77-D492-1010-6FE4-DE7BEE26132D">
<createdBy>diego</createdBy>
<createdTime>2025-08-25 18:17:36 UTC</createdTime>
<ownerDesignName>Base_model</ownerDesignName>
</ColumnProxy>
</columnProxies>
<foreignKeys>
<ForeignKey class="oracle.dbtools.crest.model.design.storage.oracle.v10g.FKProxyOraclev10g" name="fk_vuelo_avion" id="913451AB-B99A-C4EC-27E6-3FEC2F89AE02">
<createdBy>diego</createdBy>
<createdTime>2025-08-25 18:17:36 UTC</createdTime>
<ownerDesignName>Base_model</ownerDesignName>
</ForeignKey>
</foreignKeys>
<primaryKeys>
<PrimaryKey class="oracle.dbtools.crest.model.design.storage.oracle.v10g.PKProxyOraclev10g" name="VUELO_PK" id="BE463BB6-1C6D-7D67-BBE1-7AE8DA1B240C">
<createdBy>diego</createdBy>
<createdTime>2025-08-25 18:17:36 UTC</createdTime>
<ownerDesignName>Base_model</ownerDesignName>
<indexSort>SORTED</indexSort>
</PrimaryKey>
</primaryKeys>
</TableProxyOraclev12c>
