<?xml version = '1.0' encoding = 'UTF-8'?>
<TableProxyOraclev12c class="oracle.dbtools.crest.model.design.storage.oracle.v12c.TableProxyOraclev12c" name="EQUIPAJE" directorySegmentName="seg_0" id="168C4BCE-4897-2826-796E-3F69955CA8E1">
<createdBy>diego</createdBy>
<createdTime>2025-08-25 18:17:36 UTC</createdTime>
<ownerDesignName>Base_model</ownerDesignName>
<partitionedRowMovement>DISABLE</partitionedRowMovement>
<temporaryChanged>false</temporaryChanged>
<accessDriverType>oracle_loader</accessDriverType>
<rejectLimit></rejectLimit>
<columnProxies itemClass="oracle.dbtools.crest.model.design.storage.oracle.v12c.ColumnProxyOraclev12c">
<ColumnProxy name="color" id="11C4B2D8-132C-AF59-63C2-E6F1DD330D12">
<createdBy>diego</createdBy>
<createdTime>2025-08-25 18:17:36 UTC</createdTime>
<ownerDesignName>Base_model</ownerDesignName>
</ColumnProxy>
<ColumnProxy name="pasaporte_ci" id="309CE553-65FF-69D6-E40F-4F24B8428476">
<createdBy>diego</createdBy>
<createdTime>2025-08-25 18:17:36 UTC</createdTime>
<ownerDesignName>Base_model</ownerDesignName>
</ColumnProxy>
<ColumnProxy name="descripcion" id="68400775-5B35-D005-6D1D-85127D612850">
<createdBy>diego</createdBy>
<createdTime>2025-08-25 18:17:36 UTC</createdTime>
<ownerDesignName>Base_model</ownerDesignName>
</ColumnProxy>
<ColumnProxy name="peso" id="78675F4E-A47E-C872-1C43-C7A088291E2A">
<createdBy>diego</createdBy>
<createdTime>2025-08-25 18:17:36 UTC</createdTime>
<ownerDesignName>Base_model</ownerDesignName>
</ColumnProxy>
<ColumnProxy name="codigo" id="AA33609F-5501-F918-10AB-433BCF84B89A">
<createdBy>diego</createdBy>
<createdTime>2025-08-25 18:17:36 UTC</createdTime>
<ownerDesignName>Base_model</ownerDesignName>
</ColumnProxy>
</columnProxies>
<foreignKeys>
<ForeignKey class="oracle.dbtools.crest.model.design.storage.oracle.v10g.FKProxyOraclev10g" name="fk_equipaje_pasajero" id="50934B74-E54E-4447-26AE-D5E2049F1225">
<createdBy>diego</createdBy>
<createdTime>2025-08-25 18:17:36 UTC</createdTime>
<ownerDesignName>Base_model</ownerDesignName>
</ForeignKey>
</foreignKeys>
<primaryKeys>
<PrimaryKey class="oracle.dbtools.crest.model.design.storage.oracle.v10g.PKProxyOraclev10g" name="EQUIPAJE_PK" id="4B365FB3-243C-C86E-D013-FD0F3704EE31">
<createdBy>diego</createdBy>
<createdTime>2025-08-25 18:17:36 UTC</createdTime>
<ownerDesignName>Base_model</ownerDesignName>
<indexSort>SORTED</indexSort>
</PrimaryKey>
</primaryKeys>
</TableProxyOraclev12c>
