<?xml version = '1.0' encoding = 'UTF-8'?>
<TableProxyOraclev12c class="oracle.dbtools.crest.model.design.storage.oracle.v12c.TableProxyOraclev12c" name="PILOTO" directorySegmentName="seg_0" id="481D8242-A965-7557-65E0-B051F46C604B">
<createdBy>diego</createdBy>
<createdTime>2025-08-25 18:17:36 UTC</createdTime>
<ownerDesignName>Base_model</ownerDesignName>
<partitionedRowMovement>DISABLE</partitionedRowMovement>
<temporaryChanged>false</temporaryChanged>
<accessDriverType>oracle_loader</accessDriverType>
<rejectLimit></rejectLimit>
<columnProxies itemClass="oracle.dbtools.crest.model.design.storage.oracle.v12c.ColumnProxyOraclev12c">
<ColumnProxy name="rut" id="928C50EF-B2B3-710F-E295-5FA39B05BE7A">
<createdBy>diego</createdBy>
<createdTime>2025-08-25 18:17:36 UTC</createdTime>
<ownerDesignName>Base_model</ownerDesignName>
</ColumnProxy>
<ColumnProxy name="horas_vuelo" id="94952D3A-EFF6-8A58-9C89-6F3A9C321A09">
<createdBy>diego</createdBy>
<createdTime>2025-08-25 18:17:36 UTC</createdTime>
<ownerDesignName>Base_model</ownerDesignName>
</ColumnProxy>
<ColumnProxy name="afp" id="FE2A50E3-18C6-A2ED-39D1-E1A4F9427433">
<createdBy>diego</createdBy>
<createdTime>2025-08-25 18:17:36 UTC</createdTime>
<ownerDesignName>Base_model</ownerDesignName>
</ColumnProxy>
</columnProxies>
<foreignKeys>
<ForeignKey class="oracle.dbtools.crest.model.design.storage.oracle.v10g.FKProxyOraclev10g" name="fk_piloto_empleado" id="3C47000F-BE3A-A399-A856-03ADB22DD910">
<createdBy>diego</createdBy>
<createdTime>2025-08-25 18:17:36 UTC</createdTime>
<ownerDesignName>Base_model</ownerDesignName>
</ForeignKey>
</foreignKeys>
<primaryKeys>
<PrimaryKey class="oracle.dbtools.crest.model.design.storage.oracle.v10g.PKProxyOraclev10g" name="PILOTO_PK" id="1B16E4EE-BCB6-93ED-E15B-806B2FB3C53E">
<createdBy>diego</createdBy>
<createdTime>2025-08-25 18:17:36 UTC</createdTime>
<ownerDesignName>Base_model</ownerDesignName>
<indexSort>SORTED</indexSort>
</PrimaryKey>
</primaryKeys>
</TableProxyOraclev12c>
