<?xml version = '1.0' encoding = 'UTF-8'?>
<TableProxyOraclev12c class="oracle.dbtools.crest.model.design.storage.oracle.v12c.TableProxyOraclev12c" name="PASAJERO" directorySegmentName="seg_0" id="C1950C8B-595B-CA41-64B1-1B7CCE0012EC">
<createdBy>diego</createdBy>
<createdTime>2025-08-25 18:17:36 UTC</createdTime>
<ownerDesignName>Base_model</ownerDesignName>
<partitionedRowMovement>DISABLE</partitionedRowMovement>
<temporaryChanged>false</temporaryChanged>
<accessDriverType>oracle_loader</accessDriverType>
<rejectLimit></rejectLimit>
<columnProxies itemClass="oracle.dbtools.crest.model.design.storage.oracle.v12c.ColumnProxyOraclev12c">
<ColumnProxy name="nombre_completo" id="2184295A-545D-4B23-DA89-4F5388417FE9">
<createdBy>diego</createdBy>
<createdTime>2025-08-25 18:17:36 UTC</createdTime>
<ownerDesignName>Base_model</ownerDesignName>
</ColumnProxy>
<ColumnProxy name="pasaporte_ci" id="479C4AA2-EADE-8B93-7EEB-CAB0183E3BAD">
<createdBy>diego</createdBy>
<createdTime>2025-08-25 18:17:36 UTC</createdTime>
<ownerDesignName>Base_model</ownerDesignName>
</ColumnProxy>
<ColumnProxy name="nacionalidad" id="4BD2BCCE-1F29-135F-1453-D9C1465B75F7">
<createdBy>diego</createdBy>
<createdTime>2025-08-25 18:17:36 UTC</createdTime>
<ownerDesignName>Base_model</ownerDesignName>
</ColumnProxy>
<ColumnProxy name="email" id="525A1025-F946-D4AA-2CB5-CE575D27CCCE">
<createdBy>diego</createdBy>
<createdTime>2025-08-25 18:17:36 UTC</createdTime>
<ownerDesignName>Base_model</ownerDesignName>
</ColumnProxy>
<ColumnProxy name="fecha_nacimiento" id="7CF871D8-DD17-7526-5445-98F3E60D0540">
<createdBy>diego</createdBy>
<createdTime>2025-08-25 18:17:36 UTC</createdTime>
<ownerDesignName>Base_model</ownerDesignName>
</ColumnProxy>
<ColumnProxy name="telefono_contacto" id="B216988F-600F-939E-A5A6-BEE58E712A06">
<createdBy>diego</createdBy>
<createdTime>2025-08-25 18:17:36 UTC</createdTime>
<ownerDesignName>Base_model</ownerDesignName>
</ColumnProxy>
</columnProxies>
<primaryKeys>
<PrimaryKey class="oracle.dbtools.crest.model.design.storage.oracle.v10g.PKProxyOraclev10g" name="PASAJERO_PK" id="E73DF0A0-23A9-0C4A-64EF-80024C693EA4">
<createdBy>diego</createdBy>
<createdTime>2025-08-25 18:17:36 UTC</createdTime>
<ownerDesignName>Base_model</ownerDesignName>
<indexSort>SORTED</indexSort>
</PrimaryKey>
</primaryKeys>
</TableProxyOraclev12c>
