<?xml version = '1.0' encoding = 'UTF-8'?>
<TableProxyOraclev12c class="oracle.dbtools.crest.model.design.storage.oracle.v12c.TableProxyOraclev12c" name="EMPLEADO" directorySegmentName="seg_0" id="D9D03637-C60B-185E-C9CA-6D1073A27BDF">
<createdBy>diego</createdBy>
<createdTime>2025-08-25 18:17:36 UTC</createdTime>
<ownerDesignName>Base_model</ownerDesignName>
<partitionedRowMovement>DISABLE</partitionedRowMovement>
<temporaryChanged>false</temporaryChanged>
<accessDriverType>oracle_loader</accessDriverType>
<rejectLimit></rejectLimit>
<columnProxies itemClass="oracle.dbtools.crest.model.design.storage.oracle.v12c.ColumnProxyOraclev12c">
<ColumnProxy name="telefono_movil" id="0D3E1A87-94A2-1BB3-D692-41FE7E0ED5B8">
<createdBy>diego</createdBy>
<createdTime>2025-08-25 18:17:36 UTC</createdTime>
<ownerDesignName>Base_model</ownerDesignName>
</ColumnProxy>
<ColumnProxy name="direccion" id="21B8EE53-4B6F-10AC-97BA-53AD4BE3C33E">
<createdBy>diego</createdBy>
<createdTime>2025-08-25 18:17:36 UTC</createdTime>
<ownerDesignName>Base_model</ownerDesignName>
</ColumnProxy>
<ColumnProxy name="nombre_completo" id="42C8D2DB-C8B5-D1F0-7E35-3935ED726B40">
<createdBy>diego</createdBy>
<createdTime>2025-08-25 18:17:36 UTC</createdTime>
<ownerDesignName>Base_model</ownerDesignName>
</ColumnProxy>
<ColumnProxy name="genero" id="6B381649-451E-C093-C254-170ADEAE0EBD">
<createdBy>diego</createdBy>
<createdTime>2025-08-25 18:17:36 UTC</createdTime>
<ownerDesignName>Base_model</ownerDesignName>
</ColumnProxy>
<ColumnProxy name="fecha_ingreso" id="A4EDB642-3A90-8060-E78C-990822099D3F">
<createdBy>diego</createdBy>
<createdTime>2025-08-25 18:17:36 UTC</createdTime>
<ownerDesignName>Base_model</ownerDesignName>
</ColumnProxy>
<ColumnProxy name="rut" id="B799D8ED-C8AF-89C4-A789-4642CACA8E1B">
<createdBy>diego</createdBy>
<createdTime>2025-08-25 18:17:36 UTC</createdTime>
<ownerDesignName>Base_model</ownerDesignName>
</ColumnProxy>
<ColumnProxy name="telefono_contacto" id="B87A61B8-B4E6-5800-6C8A-9EE1BA0EB0DA">
<createdBy>diego</createdBy>
<createdTime>2025-08-25 18:17:36 UTC</createdTime>
<ownerDesignName>Base_model</ownerDesignName>
</ColumnProxy>
<ColumnProxy name="sueldo_base" id="D8342E4D-F02C-C166-8C7C-995876BBEE4B">
<createdBy>diego</createdBy>
<createdTime>2025-08-25 18:17:36 UTC</createdTime>
<ownerDesignName>Base_model</ownerDesignName>
</ColumnProxy>
</columnProxies>
<primaryKeys>
<PrimaryKey class="oracle.dbtools.crest.model.design.storage.oracle.v10g.PKProxyOraclev10g" name="EMPLEADO_PK" id="F7497321-95C0-52BF-FB67-A360AFEABA8B">
<createdBy>diego</createdBy>
<createdTime>2025-08-25 18:17:36 UTC</createdTime>
<ownerDesignName>Base_model</ownerDesignName>
<indexSort>SORTED</indexSort>
</PrimaryKey>
</primaryKeys>
</TableProxyOraclev12c>
