<?xml version = '1.0' encoding = 'UTF-8'?>
<Diagram class="oracle.dbtools.crest.swingui.logical.DPVLogical" name="Logical" id="707E723C-ABFB-8C97-C2EF-18DAB3FEB3FE">
<createdBy>diego</createdBy>
<modifiedBy>diego</modifiedBy>
<createdTime>2025-08-18 23:16:55 UTC</createdTime>
<autoRoute>false</autoRoute>
<boxInbox>true</boxInbox>
<showLegend>false</showLegend>
<showLabels>false</showLabels>
<showRelAttributes>false</showRelAttributes>
<gridEnabled>false</gridEnabled>
<showGrid>false</showGrid>
<diagramColor>-1</diagramColor>
<display>false</display>
<notation>1</notation>
<objectViews>
<OView class="oracle.dbtools.crest.swingui.logical.TVEntity" oid="23C36ABF-0543-163A-CF05-664AF95DCD14" otype="Entity" vid="9DF078BB-C92F-61AF-B45B-94A99FFF088E">
<hideElementsInCurrentOnly>false</hideElementsInCurrentOnly>
<bounds x="125" y="12" width="194" height="147"/>
</OView>
<OView class="oracle.dbtools.crest.swingui.logical.TVEntity" oid="307BFFD2-554C-20FF-27BD-2AB4CE775BC3" otype="Entity" vid="63B05F37-08F6-AFB2-80CB-65F42125E7E0">
<hideElementsInCurrentOnly>false</hideElementsInCurrentOnly>
<bounds x="379" y="20" width="170" height="110"/>
</OView>
<OView class="oracle.dbtools.crest.swingui.logical.TVEntity" oid="AEB21B54-996D-F2BF-7D46-C596A7472BDD" otype="Entity" vid="AE94A494-4942-234B-8AA2-6AC87CC66BFA">
<hideElementsInCurrentOnly>false</hideElementsInCurrentOnly>
<bounds x="254" y="386" width="170" height="110"/>
</OView>
<OView class="oracle.dbtools.crest.swingui.logical.TVEntity" oid="B684F8C9-2908-99A7-13A1-7DD59A9A9F21" otype="Entity" vid="E10EC19D-EB29-1B92-FA93-BE18BF6F88B8">
<hideElementsInCurrentOnly>false</hideElementsInCurrentOnly>
<bounds x="263" y="186" width="197" height="133"/>
</OView>
</objectViews>
<connectors>
<Connector class="oracle.dbtools.crest.swingui.logical.TVRelation" oid="40118A06-007C-69B9-9717-C1FE602446DB" otype="Relation" vid_source="63B05F37-08F6-AFB2-80CB-65F42125E7E0" vid_target="E10EC19D-EB29-1B92-FA93-BE18BF6F88B8">
<hideElementsInCurrentOnly>false</hideElementsInCurrentOnly>
<backgroundColor>-16777216</backgroundColor>
<lineWidth>1</lineWidth>
<points>
<point x="419" y="130"/>
<point x="419" y="186"/>
</points>
</Connector>
<Connector class="oracle.dbtools.crest.swingui.logical.TVRelation" oid="5895F660-4FCE-AC8D-1B26-CFB54AC8F553" otype="Relation" vid_source="9DF078BB-C92F-61AF-B45B-94A99FFF088E" vid_target="E10EC19D-EB29-1B92-FA93-BE18BF6F88B8">
<hideElementsInCurrentOnly>false</hideElementsInCurrentOnly>
<backgroundColor>-16777216</backgroundColor>
<lineWidth>1</lineWidth>
<points>
<point x="291" y="159"/>
<point x="291" y="186"/>
</points>
</Connector>
<Connector class="oracle.dbtools.crest.swingui.logical.TVRelation" oid="73FE7F98-BB50-BB15-EC06-1435D0FF2FDB" otype="Relation" vid_source="AE94A494-4942-234B-8AA2-6AC87CC66BFA" vid_target="E10EC19D-EB29-1B92-FA93-BE18BF6F88B8">
<hideElementsInCurrentOnly>false</hideElementsInCurrentOnly>
<backgroundColor>-16777216</backgroundColor>
<lineWidth>1</lineWidth>
<points>
<point x="343" y="386"/>
<point x="343" y="319"/>
</points>
</Connector>
</connectors>
</Diagram>