<?xml version = '1.0' encoding = 'UTF-8'?>
<Diagram class="oracle.dbtools.crest.swingui.logical.DPVLogical" name="Logical" id="44F6B79C-617A-5792-8906-3D7DFA2E6614">
<createdBy>diego</createdBy>
<modifiedBy>diego</modifiedBy>
<createdTime>2025-10-13 02:08:14 UTC</createdTime>
<autoRoute>false</autoRoute>
<boxInbox>true</boxInbox>
<showLegend>false</showLegend>
<showLabels>false</showLabels>
<showRelAttributes>false</showRelAttributes>
<gridEnabled>false</gridEnabled>
<showGrid>false</showGrid>
<diagramColor>-1</diagramColor>
<display>false</display>
<notation>1</notation>
<objectViews>
<OView class="oracle.dbtools.crest.swingui.logical.TVEntity" oid="35E4349B-C5D6-8C31-F213-1D12B088924E" otype="Entity" vid="7BBB9BDB-8BAA-0FA0-267F-27495E46945B">
<hideElementsInCurrentOnly>false</hideElementsInCurrentOnly>
<bounds x="20" y="708" width="288" height="167"/>
</OView>
<OView class="oracle.dbtools.crest.swingui.logical.TVEntity" oid="372266C9-F000-AE8B-39A4-37D834595F06" otype="Entity" vid="3FDB1793-B189-670D-DE30-DFCF8739FCC5">
<hideElementsInCurrentOnly>false</hideElementsInCurrentOnly>
<bounds x="388" y="273" width="261" height="375"/>
</OView>
<OView class="oracle.dbtools.crest.swingui.logical.TVEntity" oid="592DD751-40F4-FEDE-3FC3-E92033EA73DF" otype="Entity" vid="13E50679-ACD3-E430-E3DD-16464E182287">
<hideElementsInCurrentOnly>false</hideElementsInCurrentOnly>
<bounds x="389" y="708" width="203" height="115"/>
</OView>
<OView class="oracle.dbtools.crest.swingui.logical.TVEntity" oid="6841DED0-A6B5-FD08-39D6-8104DD418A3C" otype="Entity" vid="194C683B-41BD-0011-5538-7E54AA0496E4">
<hideElementsInCurrentOnly>false</hideElementsInCurrentOnly>
<bounds x="388" y="20" width="309" height="193"/>
</OView>
<OView class="oracle.dbtools.crest.swingui.logical.TVEntity" oid="83F411B4-AAA2-81B9-377C-8D90A60BCCA4" otype="Entity" vid="AA479460-D613-A11D-739E-16D56D1FFED1">
<hideElementsInCurrentOnly>false</hideElementsInCurrentOnly>
<bounds x="1072" y="474" width="254" height="83"/>
</OView>
<OView class="oracle.dbtools.crest.swingui.logical.TVEntity" oid="9DDA816B-D088-BA27-08CF-13C93EC81BC3" otype="Entity" vid="71DF6856-BF9A-B108-4CE8-4CB92C104017">
<hideElementsInCurrentOnly>false</hideElementsInCurrentOnly>
<bounds x="729" y="273" width="191" height="83"/>
</OView>
<OView class="oracle.dbtools.crest.swingui.logical.TVEntity" oid="A690D23E-F169-897B-AA2E-13EF47AB7734" otype="Entity" vid="6A991E00-4AB7-4DF6-D081-09F6352595F6">
<hideElementsInCurrentOnly>false</hideElementsInCurrentOnly>
<bounds x="389" y="1045" width="204" height="83"/>
</OView>
<OView class="oracle.dbtools.crest.swingui.logical.TVEntity" oid="A69131A2-007F-0B8F-1F78-5B52F830B056" otype="Entity" vid="C3C3C042-7259-295B-04A5-2DB1A274F6A6">
<hideElementsInCurrentOnly>false</hideElementsInCurrentOnly>
<bounds x="729" y="376" width="263" height="83"/>
</OView>
<OView class="oracle.dbtools.crest.swingui.logical.TVEntity" oid="B1DA64CE-B00D-0AC3-A809-9D7276E74DA5" otype="Entity" vid="40B47EE2-C864-7EB8-49B0-F656C6384508">
<hideElementsInCurrentOnly>false</hideElementsInCurrentOnly>
<bounds x="777" y="20" width="194" height="109"/>
</OView>
<OView class="oracle.dbtools.crest.swingui.logical.TVEntity" oid="BF6EBBAC-B624-E8F4-36F3-59352E8E7DC4" otype="Entity" vid="2777BCE9-3B8E-50B8-9DBF-C80BF42ED4A7">
<hideElementsInCurrentOnly>false</hideElementsInCurrentOnly>
<bounds x="389" y="883" width="211" height="102"/>
</OView>
<OView class="oracle.dbtools.crest.swingui.logical.TVEntity" oid="FCF8C6F7-594D-9FAD-522D-5308461F7EA2" otype="Entity" vid="83479FE8-358D-8F70-6A76-B72EA6B70391">
<hideElementsInCurrentOnly>false</hideElementsInCurrentOnly>
<bounds x="1072" y="273" width="218" height="141"/>
</OView>
</objectViews>
<connectors>
<Connector class="oracle.dbtools.crest.swingui.logical.TVRelation" oid="0553FA45-A4A8-BAB0-DEB0-319810E51B93" otype="Relation" vid_source="C3C3C042-7259-295B-04A5-2DB1A274F6A6" vid_target="3FDB1793-B189-670D-DE30-DFCF8739FCC5">
<hideElementsInCurrentOnly>false</hideElementsInCurrentOnly>
<backgroundColor>-16777216</backgroundColor>
<lineWidth>1</lineWidth>
<points>
<point x="729" y="417"/>
<point x="649" y="417"/>
</points>
</Connector>
<Connector class="oracle.dbtools.crest.swingui.logical.TVRelation" oid="38D08251-B510-04C1-54FD-A9D89086DEEA" otype="Relation" vid_source="3FDB1793-B189-670D-DE30-DFCF8739FCC5" vid_target="194C683B-41BD-0011-5538-7E54AA0496E4">
<hideElementsInCurrentOnly>false</hideElementsInCurrentOnly>
<backgroundColor>-16777216</backgroundColor>
<lineWidth>1</lineWidth>
<points>
<point x="518" y="273"/>
<point x="518" y="213"/>
</points>
</Connector>
<Connector class="oracle.dbtools.crest.swingui.logical.TVRelation" oid="3DAC71BF-C0EA-1F3F-2857-8785594A9EF1" otype="Relation" vid_source="AA479460-D613-A11D-739E-16D56D1FFED1" vid_target="83479FE8-358D-8F70-6A76-B72EA6B70391">
<hideElementsInCurrentOnly>false</hideElementsInCurrentOnly>
<backgroundColor>-16777216</backgroundColor>
<lineWidth>1</lineWidth>
<points>
<point x="1181" y="474"/>
<point x="1181" y="414"/>
</points>
</Connector>
<Connector class="oracle.dbtools.crest.swingui.logical.TVRelation" oid="4CF8C215-6918-CEC5-6214-B9CEBA6A0C31" otype="Relation" vid_source="40B47EE2-C864-7EB8-49B0-F656C6384508" vid_target="194C683B-41BD-0011-5538-7E54AA0496E4">
<hideElementsInCurrentOnly>false</hideElementsInCurrentOnly>
<backgroundColor>-16777216</backgroundColor>
<lineWidth>1</lineWidth>
<points>
<point x="777" y="74"/>
<point x="697" y="74"/>
</points>
</Connector>
<Connector class="oracle.dbtools.crest.swingui.logical.TVRelation" oid="55842470-1348-B10A-E17C-FA102DA4E3F2" otype="Relation" vid_source="83479FE8-358D-8F70-6A76-B72EA6B70391" vid_target="194C683B-41BD-0011-5538-7E54AA0496E4">
<hideElementsInCurrentOnly>false</hideElementsInCurrentOnly>
<backgroundColor>-16777216</backgroundColor>
<lineWidth>1</lineWidth>
<points>
<point x="1072" y="304"/>
<point x="697" y="171"/>
</points>
</Connector>
<Connector class="oracle.dbtools.crest.swingui.logical.TVRelation" oid="6062BF37-15E6-07FE-5A17-2977689F21BA" otype="Relation" vid_source="6A991E00-4AB7-4DF6-D081-09F6352595F6" vid_target="2777BCE9-3B8E-50B8-9DBF-C80BF42ED4A7">
<hideElementsInCurrentOnly>false</hideElementsInCurrentOnly>
<backgroundColor>-16777216</backgroundColor>
<lineWidth>1</lineWidth>
<points>
<point x="491" y="1045"/>
<point x="491" y="985"/>
</points>
</Connector>
<Connector class="oracle.dbtools.crest.swingui.logical.TVRelation" oid="662A1114-6075-1378-418A-1B51B020A1AF" otype="Relation" vid_source="2777BCE9-3B8E-50B8-9DBF-C80BF42ED4A7" vid_target="13E50679-ACD3-E430-E3DD-16464E182287">
<hideElementsInCurrentOnly>false</hideElementsInCurrentOnly>
<backgroundColor>-16777216</backgroundColor>
<lineWidth>1</lineWidth>
<points>
<point x="490" y="883"/>
<point x="490" y="823"/>
</points>
</Connector>
<Connector class="oracle.dbtools.crest.swingui.logical.TVRelation" oid="88DE417C-0F4E-9E00-AEFE-D739A0B191AB" otype="Relation" vid_source="3FDB1793-B189-670D-DE30-DFCF8739FCC5" vid_target="7BBB9BDB-8BAA-0FA0-267F-27495E46945B">
<hideElementsInCurrentOnly>false</hideElementsInCurrentOnly>
<backgroundColor>-16777216</backgroundColor>
<lineWidth>1</lineWidth>
<points>
<point x="388" y="582"/>
<point x="238" y="708"/>
</points>
</Connector>
<Connector class="oracle.dbtools.crest.swingui.logical.TVRelation" oid="904036E3-8291-2D39-84C1-B6F4115E017F" otype="Relation" vid_source="13E50679-ACD3-E430-E3DD-16464E182287" vid_target="83479FE8-358D-8F70-6A76-B72EA6B70391">
<hideElementsInCurrentOnly>false</hideElementsInCurrentOnly>
<backgroundColor>-16777216</backgroundColor>
<lineWidth>1</lineWidth>
<points>
<point x="584" y="708"/>
<point x="1087" y="414"/>
</points>
</Connector>
<Connector class="oracle.dbtools.crest.swingui.logical.TVRelation" oid="93C56925-5825-4FC0-9C49-98D806CFB095" otype="Relation" vid_source="83479FE8-358D-8F70-6A76-B72EA6B70391" vid_target="7BBB9BDB-8BAA-0FA0-267F-27495E46945B">
<hideElementsInCurrentOnly>false</hideElementsInCurrentOnly>
<backgroundColor>-16777216</backgroundColor>
<lineWidth>1</lineWidth>
<points>
<point x="1072" y="391"/>
<point x="308" y="728"/>
</points>
</Connector>
<Connector class="oracle.dbtools.crest.swingui.logical.TVRelation" oid="B4719AB0-6929-A8C0-E7EC-1822DE4795CD" otype="Relation" vid_source="71DF6856-BF9A-B108-4CE8-4CB92C104017" vid_target="3FDB1793-B189-670D-DE30-DFCF8739FCC5">
<hideElementsInCurrentOnly>false</hideElementsInCurrentOnly>
<backgroundColor>-16777216</backgroundColor>
<lineWidth>1</lineWidth>
<points>
<point x="729" y="314"/>
<point x="649" y="314"/>
</points>
</Connector>
<Connector class="oracle.dbtools.crest.swingui.logical.TVRelation" oid="BAC6C304-A60F-8DD4-D249-050F666142D5" otype="Relation" vid_source="3FDB1793-B189-670D-DE30-DFCF8739FCC5" vid_target="3FDB1793-B189-670D-DE30-DFCF8739FCC5">
<hideElementsInCurrentOnly>false</hideElementsInCurrentOnly>
<backgroundColor>-16777216</backgroundColor>
<lineWidth>1</lineWidth>
<points>
<point x="649" y="493"/>
<point x="699" y="493"/>
<point x="699" y="698"/>
<point x="541" y="698"/>
<point x="541" y="648"/>
</points>
</Connector>
<Connector class="oracle.dbtools.crest.swingui.logical.TVRelation" oid="E5A71EBB-2AD3-BAC3-DA00-ADE51ABE01E3" otype="Relation" vid_source="13E50679-ACD3-E430-E3DD-16464E182287" vid_target="3FDB1793-B189-670D-DE30-DFCF8739FCC5">
<hideElementsInCurrentOnly>false</hideElementsInCurrentOnly>
<backgroundColor>-16777216</backgroundColor>
<lineWidth>1</lineWidth>
<points>
<point x="490" y="708"/>
<point x="490" y="648"/>
</points>
</Connector>
</connectors>
</Diagram>