<?xml version = '1.0' encoding = 'UTF-8'?>
<relationalModel class="oracle.dbtools.crest.model.design.relational.RelationalDesign" name="Relational_1" id="12245862-369D-E64E-6391-40FDFBD6868C" mainViewID="26CD80EE-FD9D-45FE-0A2E-7A1FEED6980D">
<createdBy>diego</createdBy>
<createdTime>2025-09-01 15:07:00 UTC</createdTime>
<ownerDesignName>vivirmejor</ownerDesignName>
<shouldBeOpen>false</shouldBeOpen>
<selectedRDBMSSite>3FD120B5-9F4E-6278-D5E2-746D192C8319</selectedRDBMSSite>
<importDDLFileStamps>
<importDDLFileStamp class="oracle.dbtools.crest.imports.DDLFileStamp">
<fileName>vivirmejor.sql</fileName>
<pathName>/home/diego/projects/mbd/s3</pathName>
<dbType>11</dbType>
</importDDLFileStamp>
</importDDLFileStamps>
</relationalModel>