<?xml version = '1.0' encoding = 'UTF-8'?>
<Relation class="oracle.dbtools.crest.model.design.logical.Relation" name="fk_medico_supervisor" directorySegmentName="seg_0" id="176CC421-4985-986B-CD70-0EA1B4CF72FC">
<createdBy>diego</createdBy>
<createdTime>2025-09-01 15:11:22 UTC</createdTime>
<generatorID>5330E8DF-440F-A49A-BECA-7A73D1B65184</generatorID>
<ownerDesignName>vivirmejor</ownerDesignName>
<engineerTo>
<item key="12245862-369D-E64E-6391-40FDFBD6868C" value="true"/>
</engineerTo>
<targetPk>125D1532-EDD4-F9DB-DA34-AE5B9D8ACF49</targetPk>
<identifying>false</identifying>
<optionalSource>true</optionalSource>
<optionalTarget>true</optionalTarget>
<sourceCardinality>1</sourceCardinality>
<sourceEntity>2600DA28-77FF-C38C-0B8A-55A0CE946420</sourceEntity>
<targetCardinalityString>*</targetCardinalityString>
<targetEntity>2600DA28-77FF-C38C-0B8A-55A0CE946420</targetEntity>
<transferable>true</transferable>
<deleteRule>SET NULL</deleteRule>
</Relation>