<?xml version = '1.0' encoding = 'UTF-8'?>
<Relation class="oracle.dbtools.crest.model.design.logical.Relation" name="fk_medico_personal" directorySegmentName="seg_0" id="1C98CCCD-BB72-3108-7B3E-15BE7F3BC069">
<createdBy>diego</createdBy>
<createdTime>2025-09-01 15:11:22 UTC</createdTime>
<generatorID>2A5CFB9D-3CC0-92CC-C5FE-DE4C4F45497F</generatorID>
<ownerDesignName>vivirmejor</ownerDesignName>
<engineerTo>
<item key="12245862-369D-E64E-6391-40FDFBD6868C" value="true"/>
</engineerTo>
<sourcePk>34C2624C-91D9-151F-1C5D-38A071F8B779</sourcePk>
<dominantRole>1B508ED8-D58B-77C1-201F-207AE1722F88</dominantRole>
<identifying>true</identifying>
<optionalSource>false</optionalSource>
<optionalTarget>false</optionalTarget>
<sourceCardinality>1</sourceCardinality>
<sourceEntity>1B508ED8-D58B-77C1-201F-207AE1722F88</sourceEntity>
<targetCardinalityString>1</targetCardinalityString>
<targetEntity>2600DA28-77FF-C38C-0B8A-55A0CE946420</targetEntity>
<transferable>true</transferable>
<deleteRule>CASCADE</deleteRule>
</Relation>