<?xml version = '1.0' encoding = 'UTF-8'?>
<Relation class="oracle.dbtools.crest.model.design.logical.Relation" name="fk_habitacion_residencia" directorySegmentName="seg_0" id="26379288-6CF3-9474-197B-8811091D65F6">
<createdBy>diego</createdBy>
<createdTime>2025-09-01 15:11:22 UTC</createdTime>
<generatorID>BB9934C6-869C-DBA1-FBC0-6E60BD4FEC56</generatorID>
<ownerDesignName>vivirmejor</ownerDesignName>
<engineerTo>
<item key="12245862-369D-E64E-6391-40FDFBD6868C" value="true"/>
</engineerTo>
<sourcePk>C2907965-8A32-CEE3-A32B-73286AC7328C</sourcePk>
<identifying>false</identifying>
<optionalSource>true</optionalSource>
<optionalTarget>false</optionalTarget>
<sourceCardinality>1</sourceCardinality>
<sourceEntity>24F82EEA-1AB3-57B4-C6E5-D9087B8FE3B2</sourceEntity>
<targetCardinalityString>*</targetCardinalityString>
<targetEntity>83D5BD2E-E3C9-679E-C327-62F1E878FF56</targetEntity>
<transferable>true</transferable>
<deleteRule>NO ACTION</deleteRule>
</Relation>