<?xml version = '1.0' encoding = 'UTF-8'?>
<Relation class="oracle.dbtools.crest.model.design.logical.Relation" name="fk_restemp_residente" directorySegmentName="seg_0" id="33A14D9B-A4D0-A37E-3237-0CEFB6CBD001">
<createdBy>diego</createdBy>
<createdTime>2025-09-01 15:11:22 UTC</createdTime>
<generatorID>120CAACD-4D60-AD94-F63D-263D14A772A0</generatorID>
<ownerDesignName>vivirmejor</ownerDesignName>
<engineerTo>
<item key="12245862-369D-E64E-6391-40FDFBD6868C" value="true"/>
</engineerTo>
<sourcePk>21F57C5C-50DD-6A38-60AF-7908647F2BD9</sourcePk>
<dominantRole>63CC690B-040C-01BF-C26D-8E8E3C96270B</dominantRole>
<identifying>true</identifying>
<optionalSource>false</optionalSource>
<optionalTarget>false</optionalTarget>
<sourceCardinality>1</sourceCardinality>
<sourceEntity>63CC690B-040C-01BF-C26D-8E8E3C96270B</sourceEntity>
<targetCardinalityString>1</targetCardinalityString>
<targetEntity>847CACF7-D133-8006-1B39-F83AF53E0AF2</targetEntity>
<transferable>true</transferable>
<deleteRule>CASCADE</deleteRule>
</Relation>