<?xml version = '1.0' encoding = 'UTF-8'?>
<Relation class="oracle.dbtools.crest.model.design.logical.Relation" name="fk_resperm_residente" directorySegmentName="seg_0" id="4F6B26D2-2EB3-1E9F-A01E-C1285DAC724D">
<createdBy>diego</createdBy>
<createdTime>2025-09-01 15:11:22 UTC</createdTime>
<generatorID>562F5F8F-A522-76C6-3A34-F4E95A8934CC</generatorID>
<ownerDesignName>vivirmejor</ownerDesignName>
<engineerTo>
<item key="12245862-369D-E64E-6391-40FDFBD6868C" value="true"/>
</engineerTo>
<sourcePk>21F57C5C-50DD-6A38-60AF-7908647F2BD9</sourcePk>
<dominantRole>63CC690B-040C-01BF-C26D-8E8E3C96270B</dominantRole>
<identifying>true</identifying>
<optionalSource>false</optionalSource>
<optionalTarget>false</optionalTarget>
<sourceCardinality>1</sourceCardinality>
<sourceEntity>63CC690B-040C-01BF-C26D-8E8E3C96270B</sourceEntity>
<targetCardinalityString>1</targetCardinalityString>
<targetEntity>71844D9C-6E98-E338-7AC9-D9E9D38150BB</targetEntity>
<transferable>true</transferable>
<deleteRule>CASCADE</deleteRule>
</Relation>