<?xml version = '1.0' encoding = 'UTF-8'?>
<Relation class="oracle.dbtools.crest.model.design.logical.Relation" name="fk_anexo_contrato" directorySegmentName="seg_0" id="6A2F8A6A-37DC-85E9-8AC6-C1295AC28FE2">
<createdBy>diego</createdBy>
<createdTime>2025-09-01 15:11:22 UTC</createdTime>
<generatorID>5D337460-FBE9-724B-A829-EDC318AEE3AD</generatorID>
<ownerDesignName>vivirmejor</ownerDesignName>
<engineerTo>
<item key="12245862-369D-E64E-6391-40FDFBD6868C" value="true"/>
</engineerTo>
<sourcePk>29393A49-54F1-C829-FD9C-F0B076F5B2B1</sourcePk>
<identifying>false</identifying>
<optionalSource>false</optionalSource>
<optionalTarget>false</optionalTarget>
<sourceCardinality>1</sourceCardinality>
<sourceEntity>6B7AF2C0-9591-9368-386E-67821CF527B4</sourceEntity>
<targetCardinalityString>*</targetCardinalityString>
<targetEntity>C4FB6516-8EB4-29B9-6BB6-D1522A0ED13A</targetEntity>
<transferable>true</transferable>
<deleteRule>CASCADE</deleteRule>
</Relation>