<?xml version = '1.0' encoding = 'UTF-8'?>
<Relation class="oracle.dbtools.crest.model.design.logical.Relation" name="fk_residente_habitacion" directorySegmentName="seg_0" id="9159F9D4-DE49-4B1F-4AFC-212DCA917F65">
<createdBy>diego</createdBy>
<createdTime>2025-09-01 15:11:22 UTC</createdTime>
<generatorID>55BCBC1F-4723-D3B2-8E48-711CB6525228</generatorID>
<ownerDesignName>vivirmejor</ownerDesignName>
<engineerTo>
<item key="12245862-369D-E64E-6391-40FDFBD6868C" value="true"/>
</engineerTo>
<sourcePk>A8EBACF3-5006-95FC-55B5-E64911EDEF49</sourcePk>
<dominantRole>83D5BD2E-E3C9-679E-C327-62F1E878FF56</dominantRole>
<identifying>false</identifying>
<optionalSource>true</optionalSource>
<optionalTarget>true</optionalTarget>
<sourceCardinality>1</sourceCardinality>
<sourceEntity>83D5BD2E-E3C9-679E-C327-62F1E878FF56</sourceEntity>
<targetCardinalityString>1</targetCardinalityString>
<targetEntity>63CC690B-040C-01BF-C26D-8E8E3C96270B</targetEntity>
<transferable>true</transferable>
<deleteRule>SET NULL</deleteRule>
</Relation>