<?xml version = '1.0' encoding = 'UTF-8'?>
<Relation class="oracle.dbtools.crest.model.design.logical.Relation" name="fk_personal_residencia" directorySegmentName="seg_0" id="B02EA4CF-4794-5EF0-E167-F5B4D543EDBC">
<createdBy>diego</createdBy>
<createdTime>2025-09-01 15:11:22 UTC</createdTime>
<generatorID>EDA7297C-5132-54C2-6988-FD6442088C38</generatorID>
<ownerDesignName>vivirmejor</ownerDesignName>
<engineerTo>
<item key="12245862-369D-E64E-6391-40FDFBD6868C" value="true"/>
</engineerTo>
<sourcePk>C2907965-8A32-CEE3-A32B-73286AC7328C</sourcePk>
<identifying>false</identifying>
<optionalSource>true</optionalSource>
<optionalTarget>false</optionalTarget>
<sourceCardinality>1</sourceCardinality>
<sourceEntity>24F82EEA-1AB3-57B4-C6E5-D9087B8FE3B2</sourceEntity>
<targetCardinalityString>*</targetCardinalityString>
<targetEntity>1B508ED8-D58B-77C1-201F-207AE1722F88</targetEntity>
<transferable>true</transferable>
<deleteRule>NO ACTION</deleteRule>
</Relation>