<?xml version = '1.0' encoding = 'UTF-8'?>
<Relation class="oracle.dbtools.crest.model.design.logical.Relation" name="fk_contrato_apoderado" directorySegmentName="seg_0" id="C09251B5-BE6F-32B6-154D-2145DF58E207">
<createdBy>diego</createdBy>
<createdTime>2025-09-01 15:11:22 UTC</createdTime>
<generatorID>F27BCFF5-87AC-370E-47A6-7FBDD587865D</generatorID>
<ownerDesignName>vivirmejor</ownerDesignName>
<engineerTo>
<item key="12245862-369D-E64E-6391-40FDFBD6868C" value="true"/>
</engineerTo>
<sourcePk>985FD01F-ECCF-CB63-D2C3-6A47E2D8ACEF</sourcePk>
<identifying>false</identifying>
<optionalSource>true</optionalSource>
<optionalTarget>false</optionalTarget>
<sourceCardinality>1</sourceCardinality>
<sourceEntity>53E68890-85C9-2EFD-40DE-C3112F6B4247</sourceEntity>
<targetCardinalityString>*</targetCardinalityString>
<targetEntity>6B7AF2C0-9591-9368-386E-67821CF527B4</targetEntity>
<transferable>true</transferable>
<deleteRule>NO ACTION</deleteRule>
</Relation>