<?xml version = '1.0' encoding = 'UTF-8'?>
<Relation class="oracle.dbtools.crest.model.design.logical.Relation" name="fk_cuidador_personal" directorySegmentName="seg_0" id="C16E033B-D19C-738E-B668-C9295B9828AE">
<createdBy>diego</createdBy>
<createdTime>2025-09-01 15:11:22 UTC</createdTime>
<generatorID>D2F17E0F-4D08-8AAD-82A6-102DD2E81A17</generatorID>
<ownerDesignName>vivirmejor</ownerDesignName>
<engineerTo>
<item key="12245862-369D-E64E-6391-40FDFBD6868C" value="true"/>
</engineerTo>
<sourcePk>34C2624C-91D9-151F-1C5D-38A071F8B779</sourcePk>
<dominantRole>1B508ED8-D58B-77C1-201F-207AE1722F88</dominantRole>
<identifying>true</identifying>
<optionalSource>false</optionalSource>
<optionalTarget>false</optionalTarget>
<sourceCardinality>1</sourceCardinality>
<sourceEntity>1B508ED8-D58B-77C1-201F-207AE1722F88</sourceEntity>
<targetCardinalityString>1</targetCardinalityString>
<targetEntity>4584CB1E-8937-F51A-045B-1C1C80C445EC</targetEntity>
<transferable>true</transferable>
<deleteRule>CASCADE</deleteRule>
</Relation>