<?xml version = '1.0' encoding = 'UTF-8'?>
<Relation class="oracle.dbtools.crest.model.design.logical.Relation" name="fk_anexo_residente" directorySegmentName="seg_0" id="C2F8825D-6F20-0751-8401-9081314ADE36">
<createdBy>diego</createdBy>
<createdTime>2025-09-01 15:11:22 UTC</createdTime>
<generatorID>AA787444-E806-4498-ADD0-4C2891E6E29C</generatorID>
<ownerDesignName>vivirmejor</ownerDesignName>
<engineerTo>
<item key="12245862-369D-E64E-6391-40FDFBD6868C" value="true"/>
</engineerTo>
<sourcePk>21F57C5C-50DD-6A38-60AF-7908647F2BD9</sourcePk>
<identifying>false</identifying>
<optionalSource>false</optionalSource>
<optionalTarget>false</optionalTarget>
<sourceCardinality>1</sourceCardinality>
<sourceEntity>63CC690B-040C-01BF-C26D-8E8E3C96270B</sourceEntity>
<targetCardinalityString>*</targetCardinalityString>
<targetEntity>C4FB6516-8EB4-29B9-6BB6-D1522A0ED13A</targetEntity>
<transferable>true</transferable>
<deleteRule>CASCADE</deleteRule>
</Relation>