<?xml version = '1.0' encoding = 'UTF-8'?>
<Entity class="oracle.dbtools.crest.model.design.logical.Entity" directorySegmentName="seg_0" id="307BFFD2-554C-20FF-27BD-2AB4CE775BC3" name="Pasajero">
<createdBy>diego</createdBy>
<createdTime>2025-08-18 23:19:55 UTC</createdTime>
<ownerDesignName>modelo_base</ownerDesignName>
<engineerTo>
<item key="62E113EF-E0B2-93AE-94FC-BE3A6F6E775D" value="true"/>
</engineerTo>
<adequatelyNormalized>NO</adequatelyNormalized>
<expectedVolumes>0</expectedVolumes>
<fwdEngineeringStrategyName>Single Table</fwdEngineeringStrategyName>
<growthPercent>0</growthPercent>
<growthType>Year</growthType>
<maxVolumes>9999999</maxVolumes>
<minVolumes>0</minVolumes>
<normalForm>Third</normalForm>
<attributes itemClass="oracle.dbtools.crest.model.design.logical.Attribute">
<Attribute name="Pasaporte_Cedula" id="35743560-E5E4-3BE6-2EDA-48053C54189A">
<createdBy>diego</createdBy>
<createdTime>2025-08-18 23:24:13 UTC</createdTime>
<ownerDesignName>modelo_base</ownerDesignName>
<engineerTo>
<item key="62E113EF-E0B2-93AE-94FC-BE3A6F6E775D" value="true"/>
</engineerTo>
<useDomainConstraints>false</useDomainConstraints>
<use>1</use>
<logicalDatatype>LOGDT024</logicalDatatype>
<dataTypeSize>20 CHAR</dataTypeSize>
<ownDataTypeParameters>20 CHAR,,</ownDataTypeParameters>
</Attribute>
<Attribute name="Nombre_completo" id="52B319BC-5C9D-C152-9938-572828F1307E">
<createdBy>diego</createdBy>
<createdTime>2025-08-18 23:26:47 UTC</createdTime>
<ownerDesignName>modelo_base</ownerDesignName>
<engineerTo>
<item key="62E113EF-E0B2-93AE-94FC-BE3A6F6E775D" value="true"/>
</engineerTo>
<useDomainConstraints>false</useDomainConstraints>
<use>1</use>
<logicalDatatype>LOGDT024</logicalDatatype>
<dataTypeSize>100 CHAR</dataTypeSize>
<ownDataTypeParameters>100 CHAR,,</ownDataTypeParameters>
</Attribute>
<Attribute name="Fecha_nacimiento" id="66F6F8EC-FDC2-67D1-EA17-EA12EA8CF5B2">
<createdBy>diego</createdBy>
<createdTime>2025-08-18 23:27:12 UTC</createdTime>
<ownerDesignName>modelo_base</ownerDesignName>
<engineerTo>
<item key="62E113EF-E0B2-93AE-94FC-BE3A6F6E775D" value="true"/>
</engineerTo>
<useDomainConstraints>false</useDomainConstraints>
<use>1</use>
<logicalDatatype>LOGDT007</logicalDatatype>
<ownDataTypeParameters>,,</ownDataTypeParameters>
</Attribute>
<Attribute name="Nacionalidad" id="D6D7D43A-2429-FD9D-7F6E-85507DF51E8B">
<createdBy>diego</createdBy>
<createdTime>2025-08-18 23:27:36 UTC</createdTime>
<ownerDesignName>modelo_base</ownerDesignName>
<engineerTo>
<item key="62E113EF-E0B2-93AE-94FC-BE3A6F6E775D" value="true"/>
</engineerTo>
<useDomainConstraints>false</useDomainConstraints>
<use>1</use>
<logicalDatatype>LOGDT024</logicalDatatype>
<dataTypeSize>50 CHAR</dataTypeSize>
<ownDataTypeParameters>50 CHAR,,</ownDataTypeParameters>
</Attribute>
</attributes>
<identifiers itemClass="oracle.dbtools.crest.model.design.logical.CandidateKey">
<identifier id="3556A482-0980-0A2E-E2A8-036220993B3C" name="Pasajero PK">
<createdBy>diego</createdBy>
<createdTime>2025-08-18 23:28:45 UTC</createdTime>
<ownerDesignName>modelo_base</ownerDesignName>
<engineerTo>
<item key="62E113EF-E0B2-93AE-94FC-BE3A6F6E775D" value="true"/>
</engineerTo>
<pk>true</pk>
<usedAttributes>
<attributeRef>35743560-E5E4-3BE6-2EDA-48053C54189A</attributeRef>
</usedAttributes>
</identifier>
</identifiers>
</Entity>