<?xml version = '1.0' encoding = 'UTF-8'?>
<Entity class="oracle.dbtools.crest.model.design.logical.Entity" directorySegmentName="seg_0" id="AEB21B54-996D-F2BF-7D46-C596A7472BDD" name="Vuelo">
<createdBy>diego</createdBy>
<createdTime>2025-08-18 23:23:04 UTC</createdTime>
<ownerDesignName>modelo_base</ownerDesignName>
<engineerTo>
<item key="62E113EF-E0B2-93AE-94FC-BE3A6F6E775D" value="true"/>
</engineerTo>
<adequatelyNormalized>NO</adequatelyNormalized>
<expectedVolumes>0</expectedVolumes>
<fwdEngineeringStrategyName>Single Table</fwdEngineeringStrategyName>
<growthPercent>0</growthPercent>
<growthType>Year</growthType>
<maxVolumes>9999999</maxVolumes>
<minVolumes>0</minVolumes>
<normalForm>Third</normalForm>
<attributes itemClass="oracle.dbtools.crest.model.design.logical.Attribute">
<Attribute name="Numero_vuelo" id="DAF3371C-7A96-838E-767A-816360B09A9B">
<createdBy>diego</createdBy>
<createdTime>2025-08-18 23:31:59 UTC</createdTime>
<ownerDesignName>modelo_base</ownerDesignName>
<engineerTo>
<item key="62E113EF-E0B2-93AE-94FC-BE3A6F6E775D" value="true"/>
</engineerTo>
<useDomainConstraints>false</useDomainConstraints>
<use>1</use>
<logicalDatatype>LOGDT024</logicalDatatype>
<dataTypeSize>10 CHAR</dataTypeSize>
<ownDataTypeParameters>10 CHAR,,</ownDataTypeParameters>
</Attribute>
<Attribute name="Fecha_despegue" id="A411B1CB-2C68-471B-826D-AA714DC32AB0">
<createdBy>diego</createdBy>
<createdTime>2025-08-18 23:32:26 UTC</createdTime>
<ownerDesignName>modelo_base</ownerDesignName>
<engineerTo>
<item key="62E113EF-E0B2-93AE-94FC-BE3A6F6E775D" value="true"/>
</engineerTo>
<useDomainConstraints>false</useDomainConstraints>
<use>1</use>
<logicalDatatype>LOGDT008</logicalDatatype>
<ownDataTypeParameters>,,</ownDataTypeParameters>
</Attribute>
<Attribute name="Hora_salida" id="BE081E85-B2E9-5B8F-B514-69719D878592">
<createdBy>diego</createdBy>
<createdTime>2025-08-18 23:32:44 UTC</createdTime>
<ownerDesignName>modelo_base</ownerDesignName>
<engineerTo>
<item key="62E113EF-E0B2-93AE-94FC-BE3A6F6E775D" value="true"/>
</engineerTo>
<useDomainConstraints>false</useDomainConstraints>
<use>1</use>
<logicalDatatype>LOGDT008</logicalDatatype>
<ownDataTypeParameters>,,</ownDataTypeParameters>
</Attribute>
<Attribute name="Puerta" id="20E474B1-55FA-FE7A-2556-5BED8B1A7C92">
<createdBy>diego</createdBy>
<createdTime>2025-08-18 23:40:44 UTC</createdTime>
<ownerDesignName>modelo_base</ownerDesignName>
<engineerTo>
<item key="62E113EF-E0B2-93AE-94FC-BE3A6F6E775D" value="true"/>
</engineerTo>
<useDomainConstraints>false</useDomainConstraints>
<use>1</use>
<logicalDatatype>LOGDT024</logicalDatatype>
<ownDataTypeParameters>,,</ownDataTypeParameters>
</Attribute>
</attributes>
<identifiers itemClass="oracle.dbtools.crest.model.design.logical.CandidateKey">
<identifier id="0DDB6413-84D9-1788-2916-3104B2C80DC5" name="Vuelo PK">
<createdBy>diego</createdBy>
<createdTime>2025-08-18 23:32:14 UTC</createdTime>
<ownerDesignName>modelo_base</ownerDesignName>
<engineerTo>
<item key="62E113EF-E0B2-93AE-94FC-BE3A6F6E775D" value="true"/>
</engineerTo>
<pk>true</pk>
<usedAttributes>
<attributeRef>DAF3371C-7A96-838E-767A-816360B09A9B</attributeRef>
</usedAttributes>
</identifier>
</identifiers>
</Entity>