<?xml version = '1.0' encoding = 'UTF-8'?>
<Entity class="oracle.dbtools.crest.model.design.logical.Entity" directorySegmentName="seg_0" id="B684F8C9-2908-99A7-13A1-7DD59A9A9F21" name="Reserva">
<createdBy>diego</createdBy>
<createdTime>2025-08-18 23:23:13 UTC</createdTime>
<ownerDesignName>modelo_base</ownerDesignName>
<engineerTo>
<item key="62E113EF-E0B2-93AE-94FC-BE3A6F6E775D" value="true"/>
</engineerTo>
<adequatelyNormalized>NO</adequatelyNormalized>
<expectedVolumes>0</expectedVolumes>
<fwdEngineeringStrategyName>Single Table</fwdEngineeringStrategyName>
<growthPercent>0</growthPercent>
<growthType>Year</growthType>
<maxVolumes>9999999</maxVolumes>
<minVolumes>0</minVolumes>
<normalForm>Third</normalForm>
<attributes itemClass="oracle.dbtools.crest.model.design.logical.Attribute">
<Attribute name="Numero_reserva" id="5A14736F-AC5C-B400-BC15-B16B60E8A3C9">
<createdBy>diego</createdBy>
<createdTime>2025-08-18 23:41:53 UTC</createdTime>
<ownerDesignName>modelo_base</ownerDesignName>
<engineerTo>
<item key="62E113EF-E0B2-93AE-94FC-BE3A6F6E775D" value="true"/>
</engineerTo>
<useDomainConstraints>false</useDomainConstraints>
<use>1</use>
<logicalDatatype>LOGDT024</logicalDatatype>
<dataTypeSize>30 CHAR</dataTypeSize>
<ownDataTypeParameters>30 CHAR,,</ownDataTypeParameters>
</Attribute>
<Attribute name="Fecha_reserva" id="FD09FCC5-D26B-40F7-1969-95532FB3C34D">
<createdBy>diego</createdBy>
<createdTime>2025-08-18 23:42:21 UTC</createdTime>
<ownerDesignName>modelo_base</ownerDesignName>
<engineerTo>
<item key="62E113EF-E0B2-93AE-94FC-BE3A6F6E775D" value="true"/>
</engineerTo>
<useDomainConstraints>false</useDomainConstraints>
<use>1</use>
<logicalDatatype>LOGDT008</logicalDatatype>
<ownDataTypeParameters>,,</ownDataTypeParameters>
</Attribute>
<Attribute name="Fecha_viaje" id="BB5C7211-B3C0-5953-0886-A396BC06C515">
<createdBy>diego</createdBy>
<createdTime>2025-08-18 23:42:34 UTC</createdTime>
<ownerDesignName>modelo_base</ownerDesignName>
<engineerTo>
<item key="62E113EF-E0B2-93AE-94FC-BE3A6F6E775D" value="true"/>
</engineerTo>
<useDomainConstraints>false</useDomainConstraints>
<use>1</use>
<logicalDatatype>LOGDT008</logicalDatatype>
<ownDataTypeParameters>,,</ownDataTypeParameters>
</Attribute>
<Attribute name="Estado" id="5E76E170-B074-0BE2-B841-F47DD432B395">
<createdBy>diego</createdBy>
<createdTime>2025-08-18 23:43:36 UTC</createdTime>
<ownerDesignName>modelo_base</ownerDesignName>
<engineerTo>
<item key="62E113EF-E0B2-93AE-94FC-BE3A6F6E775D" value="true"/>
</engineerTo>
<useDomainConstraints>false</useDomainConstraints>
<use>1</use>
<logicalDatatype>LOGDT024</logicalDatatype>
<dataTypeSize>20 CHAR</dataTypeSize>
<ownDataTypeParameters>20 CHAR,,</ownDataTypeParameters>
</Attribute>
<Attribute name="RUT" id="7BA3DA3B-8CE4-C0D8-C9ED-941B74E71C82">
<createdBy>diego</createdBy>
<createdTime>2025-08-18 23:54:41 UTC</createdTime>
<generatorID>5895F660-4FCE-AC8D-1B26-CFB54AC8F553</generatorID>
<ownerDesignName>modelo_base</ownerDesignName>
<engineerTo>
<item key="62E113EF-E0B2-93AE-94FC-BE3A6F6E775D" value="true"/>
</engineerTo>
<referedAttribute>4E97F6C6-C131-80A0-8440-1AF478450EBE</referedAttribute>
<useDomainConstraints>false</useDomainConstraints>
<use>1</use>
<logicalDatatype>LOGDT024</logicalDatatype>
<dataTypeSize>12 CHAR</dataTypeSize>
<ownDataTypeParameters>,,</ownDataTypeParameters>
</Attribute>
<Attribute name="Pasaporte_Cedula" id="1BFF059D-4361-3906-9816-511147B7A0BE">
<createdBy>diego</createdBy>
<createdTime>2025-08-18 23:55:52 UTC</createdTime>
<generatorID>40118A06-007C-69B9-9717-C1FE602446DB</generatorID>
<ownerDesignName>modelo_base</ownerDesignName>
<engineerTo>
<item key="62E113EF-E0B2-93AE-94FC-BE3A6F6E775D" value="true"/>
</engineerTo>
<referedAttribute>35743560-E5E4-3BE6-2EDA-48053C54189A</referedAttribute>
<useDomainConstraints>false</useDomainConstraints>
<use>1</use>
<logicalDatatype>LOGDT024</logicalDatatype>
<dataTypeSize>20 CHAR</dataTypeSize>
<ownDataTypeParameters>,,</ownDataTypeParameters>
</Attribute>
<Attribute name="Numero_vuelo" id="510F57FC-938C-3DAE-CA9A-92C242CAD908">
<createdBy>diego</createdBy>
<createdTime>2025-08-18 23:57:34 UTC</createdTime>
<generatorID>73FE7F98-BB50-BB15-EC06-1435D0FF2FDB</generatorID>
<ownerDesignName>modelo_base</ownerDesignName>
<engineerTo>
<item key="62E113EF-E0B2-93AE-94FC-BE3A6F6E775D" value="true"/>
</engineerTo>
<referedAttribute>DAF3371C-7A96-838E-767A-816360B09A9B</referedAttribute>
<useDomainConstraints>false</useDomainConstraints>
<use>1</use>
<logicalDatatype>LOGDT024</logicalDatatype>
<dataTypeSize>10 CHAR</dataTypeSize>
<ownDataTypeParameters>,,</ownDataTypeParameters>
</Attribute>
</attributes>
<identifiers itemClass="oracle.dbtools.crest.model.design.logical.CandidateKey">
<identifier id="7632F345-A5FF-66C9-6BA8-063592DF40DD" name="Reserva PK">
<createdBy>diego</createdBy>
<createdTime>2025-08-18 23:42:02 UTC</createdTime>
<ownerDesignName>modelo_base</ownerDesignName>
<engineerTo>
<item key="62E113EF-E0B2-93AE-94FC-BE3A6F6E775D" value="true"/>
</engineerTo>
<pk>true</pk>
<usedAttributes>
<attributeRef>5A14736F-AC5C-B400-BC15-B16B60E8A3C9</attributeRef>
</usedAttributes>
</identifier>
</identifiers>
</Entity>