<?xml version = '1.0' encoding = 'UTF-8'?>
<Diagram class="oracle.dbtools.crest.swingui.relational.DPVRelational" name="Relational_1" id="26CD80EE-FD9D-45FE-0A2E-7A1FEED6980D">
<createdBy>diego</createdBy>
<modifiedBy>diego</modifiedBy>
<createdTime>2025-09-01 15:09:26 UTC</createdTime>
<autoRoute>false</autoRoute>
<boxInbox>true</boxInbox>
<showLegend>false</showLegend>
<showLabels>false</showLabels>
<showRelAttributes>false</showRelAttributes>
<gridEnabled>false</gridEnabled>
<showGrid>false</showGrid>
<diagramColor>-1</diagramColor>
<display>false</display>
<notation>1</notation>
<objectViews>
<OView class="oracle.dbtools.crest.swingui.relational.TVTable" oid="00843313-8D08-015E-654F-3EBDE819D76E" otype="Table" vid="406F1DDC-0F78-01AA-0B69-3D2E55617F0D">
<hideElementsInCurrentOnly>false</hideElementsInCurrentOnly>
<bounds x="610" y="487" width="251" height="141"/>
</OView>
<OView class="oracle.dbtools.crest.swingui.relational.TVTable" oid="04D4B167-DDC1-BDC8-5898-A9F9227599BF" otype="Table" vid="A726088C-F4DA-A08C-B28C-6CD2614E740F">
<hideElementsInCurrentOnly>false</hideElementsInCurrentOnly>
<bounds x="20" y="487" width="220" height="89"/>
</OView>
<OView class="oracle.dbtools.crest.swingui.relational.TVTable" oid="0D2D3DC4-03B0-2D61-3F4C-9A7A44E7EB35" otype="Table" vid="713105F7-FE5C-F8EA-ACC9-8B08DB3F6CDF">
<hideElementsInCurrentOnly>false</hideElementsInCurrentOnly>
<bounds x="1019" y="208" width="217" height="122"/>
</OView>
<OView class="oracle.dbtools.crest.swingui.relational.TVTable" oid="1DFABB42-14EF-F7BF-CBA0-EE61B1155E79" otype="Table" vid="CD5A7AC0-770A-B8EB-825E-E79A42F1D3A6">
<hideElementsInCurrentOnly>false</hideElementsInCurrentOnly>
<bounds x="610" y="688" width="196" height="109"/>
</OView>
<OView class="oracle.dbtools.crest.swingui.relational.TVTable" oid="3ECD4838-833C-5F5E-04F8-27F13D588804" otype="Table" vid="ED06FCD1-DDA9-09CB-B65E-116EFBA683DA">
<hideElementsInCurrentOnly>false</hideElementsInCurrentOnly>
<bounds x="749" y="1071" width="190" height="76"/>
</OView>
<OView class="oracle.dbtools.crest.swingui.relational.TVTable" oid="507492FA-5880-ACCF-D807-334A2745E804" otype="Table" vid="04B4A847-DA25-6149-67AF-953BCD04F669">
<hideElementsInCurrentOnly>false</hideElementsInCurrentOnly>
<bounds x="609" y="20" width="292" height="167"/>
</OView>
<OView class="oracle.dbtools.crest.swingui.relational.TVTable" oid="730D9ED1-3194-A0A4-CE79-2F175BFCDB39" otype="Table" vid="72F6BA94-D0D5-7082-2246-2FDAB41BDD65">
<hideElementsInCurrentOnly>false</hideElementsInCurrentOnly>
<bounds x="610" y="857" width="217" height="154"/>
</OView>
<OView class="oracle.dbtools.crest.swingui.relational.TVTable" oid="77D8BB39-2432-04C1-6A33-C7E0E108F046" otype="Table" vid="208AAA1A-1E0D-E720-22E6-599DE98CC005">
<hideElementsInCurrentOnly>false</hideElementsInCurrentOnly>
<bounds x="1019" y="20" width="217" height="128"/>
</OView>
<OView class="oracle.dbtools.crest.swingui.relational.TVTable" oid="7B3EFFAB-D608-2C19-950C-CA8B7303E4FA" otype="Table" vid="05BF73BA-8F7E-38EF-BF82-3D7EBDE45899">
<hideElementsInCurrentOnly>false</hideElementsInCurrentOnly>
<bounds x="470" y="1071" width="199" height="115"/>
</OView>
<OView class="oracle.dbtools.crest.swingui.relational.TVTable" oid="EA0BEA7D-EE80-1430-CB13-82838382B4BB" otype="Table" vid="A59C73F2-D5B5-8043-5EC2-D44471D4E6FC">
<hideElementsInCurrentOnly>false</hideElementsInCurrentOnly>
<bounds x="320" y="487" width="209" height="89"/>
</OView>
<OView class="oracle.dbtools.crest.swingui.relational.TVTable" oid="FBD3C9F1-CAF9-4474-1B46-5BD0ECB9EB9F" otype="Table" vid="2F763971-5560-DC85-0502-D815E96BC30D">
<hideElementsInCurrentOnly>false</hideElementsInCurrentOnly>
<bounds x="609" y="247" width="214" height="180"/>
</OView>
</objectViews>
<connectors>
<Connector class="oracle.dbtools.crest.swingui.relational.TVFKRelation" oid="120CAACD-4D60-AD94-F63D-263D14A772A0" otype="FKIndexAssociation" vid_source="2F763971-5560-DC85-0502-D815E96BC30D" vid_target="A59C73F2-D5B5-8043-5EC2-D44471D4E6FC">
<hideElementsInCurrentOnly>false</hideElementsInCurrentOnly>
<backgroundColor>-16777216</backgroundColor>
<lineWidth>1</lineWidth>
<points>
<point x="609" y="408"/>
<point x="491" y="487"/>
</points>
</Connector>
<Connector class="oracle.dbtools.crest.swingui.relational.TVFKRelation" oid="2A5CFB9D-3CC0-92CC-C5FE-DE4C4F45497F" otype="FKIndexAssociation" vid_source="72F6BA94-D0D5-7082-2246-2FDAB41BDD65" vid_target="05BF73BA-8F7E-38EF-BF82-3D7EBDE45899">
<hideElementsInCurrentOnly>false</hideElementsInCurrentOnly>
<backgroundColor>-16777216</backgroundColor>
<lineWidth>1</lineWidth>
<points>
<point x="639" y="1011"/>
<point x="639" y="1071"/>
</points>
</Connector>
<Connector class="oracle.dbtools.crest.swingui.relational.TVFKRelation" oid="5330E8DF-440F-A49A-BECA-7A73D1B65184" otype="FKIndexAssociation" vid_source="05BF73BA-8F7E-38EF-BF82-3D7EBDE45899" vid_target="05BF73BA-8F7E-38EF-BF82-3D7EBDE45899">
<hideElementsInCurrentOnly>false</hideElementsInCurrentOnly>
<backgroundColor>-16777216</backgroundColor>
<lineWidth>1</lineWidth>
<points>
<point x="669" y="1138"/>
<point x="719" y="1138"/>
<point x="719" y="1236"/>
<point x="587" y="1236"/>
<point x="587" y="1186"/>
</points>
</Connector>
<Connector class="oracle.dbtools.crest.swingui.relational.TVFKRelation" oid="55BCBC1F-4723-D3B2-8E48-711CB6525228" otype="FKIndexAssociation" vid_source="406F1DDC-0F78-01AA-0B69-3D2E55617F0D" vid_target="2F763971-5560-DC85-0502-D815E96BC30D">
<hideElementsInCurrentOnly>false</hideElementsInCurrentOnly>
<backgroundColor>-16777216</backgroundColor>
<lineWidth>1</lineWidth>
<points>
<point x="716" y="487"/>
<point x="716" y="427"/>
</points>
</Connector>
<Connector class="oracle.dbtools.crest.swingui.relational.TVFKRelation" oid="562F5F8F-A522-76C6-3A34-F4E95A8934CC" otype="FKIndexAssociation" vid_source="2F763971-5560-DC85-0502-D815E96BC30D" vid_target="A726088C-F4DA-A08C-B28C-6CD2614E740F">
<hideElementsInCurrentOnly>false</hideElementsInCurrentOnly>
<backgroundColor>-16777216</backgroundColor>
<lineWidth>1</lineWidth>
<points>
<point x="609" y="372"/>
<point x="240" y="494"/>
</points>
</Connector>
<Connector class="oracle.dbtools.crest.swingui.relational.TVFKRelation" oid="5D337460-FBE9-724B-A829-EDC318AEE3AD" otype="FKIndexAssociation" vid_source="208AAA1A-1E0D-E720-22E6-599DE98CC005" vid_target="04B4A847-DA25-6149-67AF-953BCD04F669">
<hideElementsInCurrentOnly>false</hideElementsInCurrentOnly>
<backgroundColor>-16777216</backgroundColor>
<lineWidth>1</lineWidth>
<points>
<point x="1019" y="84"/>
<point x="901" y="84"/>
</points>
</Connector>
<Connector class="oracle.dbtools.crest.swingui.relational.TVFKRelation" oid="AA787444-E806-4498-ADD0-4C2891E6E29C" otype="FKIndexAssociation" vid_source="2F763971-5560-DC85-0502-D815E96BC30D" vid_target="04B4A847-DA25-6149-67AF-953BCD04F669">
<hideElementsInCurrentOnly>false</hideElementsInCurrentOnly>
<backgroundColor>-16777216</backgroundColor>
<lineWidth>1</lineWidth>
<points>
<point x="716" y="247"/>
<point x="716" y="187"/>
</points>
</Connector>
<Connector class="oracle.dbtools.crest.swingui.relational.TVFKRelation" oid="BB9934C6-869C-DBA1-FBC0-6E60BD4FEC56" otype="FKIndexAssociation" vid_source="CD5A7AC0-770A-B8EB-825E-E79A42F1D3A6" vid_target="406F1DDC-0F78-01AA-0B69-3D2E55617F0D">
<hideElementsInCurrentOnly>false</hideElementsInCurrentOnly>
<backgroundColor>-16777216</backgroundColor>
<lineWidth>1</lineWidth>
<points>
<point x="708" y="688"/>
<point x="708" y="628"/>
</points>
</Connector>
<Connector class="oracle.dbtools.crest.swingui.relational.TVFKRelation" oid="D2F17E0F-4D08-8AAD-82A6-102DD2E81A17" otype="FKIndexAssociation" vid_source="72F6BA94-D0D5-7082-2246-2FDAB41BDD65" vid_target="ED06FCD1-DDA9-09CB-B65E-116EFBA683DA">
<hideElementsInCurrentOnly>false</hideElementsInCurrentOnly>
<backgroundColor>-16777216</backgroundColor>
<lineWidth>1</lineWidth>
<points>
<point x="788" y="1011"/>
<point x="788" y="1071"/>
</points>
</Connector>
<Connector class="oracle.dbtools.crest.swingui.relational.TVFKRelation" oid="EDA7297C-5132-54C2-6988-FD6442088C38" otype="FKIndexAssociation" vid_source="CD5A7AC0-770A-B8EB-825E-E79A42F1D3A6" vid_target="72F6BA94-D0D5-7082-2246-2FDAB41BDD65">
<hideElementsInCurrentOnly>false</hideElementsInCurrentOnly>
<backgroundColor>-16777216</backgroundColor>
<lineWidth>1</lineWidth>
<points>
<point x="708" y="797"/>
<point x="708" y="857"/>
</points>
</Connector>
<Connector class="oracle.dbtools.crest.swingui.relational.TVFKRelation" oid="F27BCFF5-87AC-370E-47A6-7FBDD587865D" otype="FKIndexAssociation" vid_source="713105F7-FE5C-F8EA-ACC9-8B08DB3F6CDF" vid_target="208AAA1A-1E0D-E720-22E6-599DE98CC005">
<hideElementsInCurrentOnly>false</hideElementsInCurrentOnly>
<backgroundColor>-16777216</backgroundColor>
<lineWidth>1</lineWidth>
<points>
<point x="1127" y="208"/>
<point x="1127" y="148"/>
</points>
</Connector>
</connectors>
</Diagram>