<?xml version = '1.0' encoding = 'UTF-8'?>
<Diagram class="oracle.dbtools.crest.swingui.relational.DPVRelational" name="Relational_1" id="D4232FAE-D7B6-8084-2E19-63E3A376AF5D">
<createdBy>diego</createdBy>
<modifiedBy>diego</modifiedBy>
<createdTime>2025-10-13 02:07:43 UTC</createdTime>
<autoRoute>false</autoRoute>
<boxInbox>true</boxInbox>
<showLegend>false</showLegend>
<showLabels>false</showLabels>
<showRelAttributes>false</showRelAttributes>
<gridEnabled>false</gridEnabled>
<showGrid>false</showGrid>
<diagramColor>-1</diagramColor>
<display>false</display>
<notation>1</notation>
<objectViews>
<OView class="oracle.dbtools.crest.swingui.relational.TVTable" oid="499C0620-0855-0459-2CF0-43DA76D33E09" otype="Table" vid="247510FF-0794-5EE5-9A75-F463C56A8DA7">
<hideElementsInCurrentOnly>false</hideElementsInCurrentOnly>
<bounds x="389" y="883" width="211" height="102"/>
</OView>
<OView class="oracle.dbtools.crest.swingui.relational.TVTable" oid="6E036C14-62FF-6441-C6EF-3CDD5A83095F" otype="Table" vid="1757DBC4-EE22-6BA4-DB54-7343D3D95461">
<hideElementsInCurrentOnly>false</hideElementsInCurrentOnly>
<bounds x="1072" y="273" width="218" height="141"/>
</OView>
<OView class="oracle.dbtools.crest.swingui.relational.TVTable" oid="722EC677-B6B7-ED64-4365-15EAE5007CFF" otype="Table" vid="5BDD8EF6-4B37-73A3-ABA7-0F2D923CAB5D">
<hideElementsInCurrentOnly>false</hideElementsInCurrentOnly>
<bounds x="389" y="708" width="203" height="115"/>
</OView>
<OView class="oracle.dbtools.crest.swingui.relational.TVTable" oid="83A3A260-ADF1-05D9-F859-55410A1EC2E9" otype="Table" vid="FFC63893-7339-6D9B-F0B3-2862781B458E">
<hideElementsInCurrentOnly>false</hideElementsInCurrentOnly>
<bounds x="729" y="273" width="191" height="83"/>
</OView>
<OView class="oracle.dbtools.crest.swingui.relational.TVTable" oid="84D08BB1-D784-24AF-4C9E-68F8416B317F" otype="Table" vid="446D3BAD-138D-2BAC-7EE8-0DF2CCC29CE4">
<hideElementsInCurrentOnly>false</hideElementsInCurrentOnly>
<bounds x="20" y="708" width="288" height="167"/>
</OView>
<OView class="oracle.dbtools.crest.swingui.relational.TVTable" oid="8F4A70FE-355F-9AEA-F951-7F23E1BA9245" otype="Table" vid="00CEB487-F33F-1C1C-A8DA-8F67C0067E65">
<hideElementsInCurrentOnly>false</hideElementsInCurrentOnly>
<bounds x="388" y="273" width="261" height="375"/>
</OView>
<OView class="oracle.dbtools.crest.swingui.relational.TVTable" oid="9831EF73-3103-2C1B-C154-5772EA1C6686" otype="Table" vid="FF50648B-437F-88D0-1B11-05705612B471">
<hideElementsInCurrentOnly>false</hideElementsInCurrentOnly>
<bounds x="388" y="20" width="309" height="193"/>
</OView>
<OView class="oracle.dbtools.crest.swingui.relational.TVTable" oid="A5009DEC-28DD-23B4-B48D-DE3A57D88BE9" otype="Table" vid="75694C9D-E059-D451-7BA9-0044AAC7E0B1">
<hideElementsInCurrentOnly>false</hideElementsInCurrentOnly>
<bounds x="729" y="376" width="263" height="83"/>
</OView>
<OView class="oracle.dbtools.crest.swingui.relational.TVTable" oid="A8D9ECFF-2A33-6EC1-A2E9-C7B68CD224B6" otype="Table" vid="940445B9-E81E-5509-9474-B27D7DF53798">
<hideElementsInCurrentOnly>false</hideElementsInCurrentOnly>
<bounds x="1072" y="474" width="254" height="83"/>
</OView>
<OView class="oracle.dbtools.crest.swingui.relational.TVTable" oid="AF189140-685A-6C58-B8BA-CDF2AB050FC5" otype="Table" vid="37EEAC6D-9D88-BE35-0BD3-0A338BC22460">
<hideElementsInCurrentOnly>false</hideElementsInCurrentOnly>
<bounds x="777" y="20" width="194" height="109"/>
</OView>
<OView class="oracle.dbtools.crest.swingui.relational.TVTable" oid="FD4EC96D-A918-5050-4394-284DCB755492" otype="Table" vid="4ECB3DB4-5006-DEAF-419D-8A93C9E378EB">
<hideElementsInCurrentOnly>false</hideElementsInCurrentOnly>
<bounds x="389" y="1045" width="204" height="83"/>
</OView>
</objectViews>
<connectors>
<Connector class="oracle.dbtools.crest.swingui.relational.TVFKRelation" oid="1BA709A8-31C1-FDD2-F3F9-C1EF0CD49070" otype="FKIndexAssociation" vid_source="5BDD8EF6-4B37-73A3-ABA7-0F2D923CAB5D" vid_target="1757DBC4-EE22-6BA4-DB54-7343D3D95461">
<hideElementsInCurrentOnly>false</hideElementsInCurrentOnly>
<backgroundColor>-16777216</backgroundColor>
<lineWidth>1</lineWidth>
<points>
<point x="584" y="708"/>
<point x="1072" y="410"/>
</points>
</Connector>
<Connector class="oracle.dbtools.crest.swingui.relational.TVFKRelation" oid="24E1EAAE-F517-C717-F604-88ED3E8EE0A3" otype="FKIndexAssociation" vid_source="37EEAC6D-9D88-BE35-0BD3-0A338BC22460" vid_target="FF50648B-437F-88D0-1B11-05705612B471">
<hideElementsInCurrentOnly>false</hideElementsInCurrentOnly>
<backgroundColor>-16777216</backgroundColor>
<lineWidth>1</lineWidth>
<points>
<point x="777" y="74"/>
<point x="697" y="74"/>
</points>
</Connector>
<Connector class="oracle.dbtools.crest.swingui.relational.TVFKRelation" oid="48F2297A-53D6-996C-3411-849844BE70BF" otype="FKIndexAssociation" vid_source="75694C9D-E059-D451-7BA9-0044AAC7E0B1" vid_target="00CEB487-F33F-1C1C-A8DA-8F67C0067E65">
<hideElementsInCurrentOnly>false</hideElementsInCurrentOnly>
<backgroundColor>-16777216</backgroundColor>
<lineWidth>1</lineWidth>
<points>
<point x="729" y="417"/>
<point x="649" y="417"/>
</points>
</Connector>
<Connector class="oracle.dbtools.crest.swingui.relational.TVFKRelation" oid="9371FE01-FF5B-7188-9940-956BB57949B1" otype="FKIndexAssociation" vid_source="5BDD8EF6-4B37-73A3-ABA7-0F2D923CAB5D" vid_target="00CEB487-F33F-1C1C-A8DA-8F67C0067E65">
<hideElementsInCurrentOnly>false</hideElementsInCurrentOnly>
<backgroundColor>-16777216</backgroundColor>
<lineWidth>1</lineWidth>
<points>
<point x="490" y="708"/>
<point x="490" y="648"/>
</points>
</Connector>
<Connector class="oracle.dbtools.crest.swingui.relational.TVFKRelation" oid="9E428361-D247-853E-2BD1-B7DC7C110504" otype="FKIndexAssociation" vid_source="00CEB487-F33F-1C1C-A8DA-8F67C0067E65" vid_target="FF50648B-437F-88D0-1B11-05705612B471">
<hideElementsInCurrentOnly>false</hideElementsInCurrentOnly>
<backgroundColor>-16777216</backgroundColor>
<lineWidth>1</lineWidth>
<points>
<point x="518" y="273"/>
<point x="518" y="213"/>
</points>
</Connector>
<Connector class="oracle.dbtools.crest.swingui.relational.TVFKRelation" oid="A622DE6C-66F4-FB22-D501-A1BC327211F8" otype="FKIndexAssociation" vid_source="1757DBC4-EE22-6BA4-DB54-7343D3D95461" vid_target="446D3BAD-138D-2BAC-7EE8-0DF2CCC29CE4">
<hideElementsInCurrentOnly>false</hideElementsInCurrentOnly>
<backgroundColor>-16777216</backgroundColor>
<lineWidth>1</lineWidth>
<points>
<point x="1072" y="391"/>
<point x="308" y="728"/>
</points>
</Connector>
<Connector class="oracle.dbtools.crest.swingui.relational.TVFKRelation" oid="B4B07C44-93D1-E312-E214-B416AE5B81E8" otype="FKIndexAssociation" vid_source="4ECB3DB4-5006-DEAF-419D-8A93C9E378EB" vid_target="247510FF-0794-5EE5-9A75-F463C56A8DA7">
<hideElementsInCurrentOnly>false</hideElementsInCurrentOnly>
<backgroundColor>-16777216</backgroundColor>
<lineWidth>1</lineWidth>
<points>
<point x="491" y="1045"/>
<point x="491" y="985"/>
</points>
</Connector>
<Connector class="oracle.dbtools.crest.swingui.relational.TVFKRelation" oid="C6AF1395-C6BC-CDBE-C0C6-AADB7D89A9A0" otype="FKIndexAssociation" vid_source="1757DBC4-EE22-6BA4-DB54-7343D3D95461" vid_target="FF50648B-437F-88D0-1B11-05705612B471">
<hideElementsInCurrentOnly>false</hideElementsInCurrentOnly>
<backgroundColor>-16777216</backgroundColor>
<lineWidth>1</lineWidth>
<points>
<point x="1072" y="304"/>
<point x="697" y="171"/>
</points>
</Connector>
<Connector class="oracle.dbtools.crest.swingui.relational.TVFKRelation" oid="C9D8BB83-4F5A-B2AB-5169-D152342DAC9C" otype="FKIndexAssociation" vid_source="940445B9-E81E-5509-9474-B27D7DF53798" vid_target="1757DBC4-EE22-6BA4-DB54-7343D3D95461">
<hideElementsInCurrentOnly>false</hideElementsInCurrentOnly>
<backgroundColor>-16777216</backgroundColor>
<lineWidth>1</lineWidth>
<points>
<point x="1181" y="474"/>
<point x="1181" y="414"/>
</points>
</Connector>
<Connector class="oracle.dbtools.crest.swingui.relational.TVFKRelation" oid="CFE14E2D-4574-B5E9-1216-5A66A0B07400" otype="FKIndexAssociation" vid_source="00CEB487-F33F-1C1C-A8DA-8F67C0067E65" vid_target="446D3BAD-138D-2BAC-7EE8-0DF2CCC29CE4">
<hideElementsInCurrentOnly>false</hideElementsInCurrentOnly>
<backgroundColor>-16777216</backgroundColor>
<lineWidth>1</lineWidth>
<points>
<point x="388" y="582"/>
<point x="253" y="708"/>
</points>
</Connector>
<Connector class="oracle.dbtools.crest.swingui.relational.TVFKRelation" oid="D75CF1D3-1D00-14B8-AF77-B65BE4C8E81C" otype="FKIndexAssociation" vid_source="247510FF-0794-5EE5-9A75-F463C56A8DA7" vid_target="5BDD8EF6-4B37-73A3-ABA7-0F2D923CAB5D">
<hideElementsInCurrentOnly>false</hideElementsInCurrentOnly>
<backgroundColor>-16777216</backgroundColor>
<lineWidth>1</lineWidth>
<points>
<point x="490" y="883"/>
<point x="490" y="823"/>
</points>
</Connector>
<Connector class="oracle.dbtools.crest.swingui.relational.TVFKRelation" oid="F8344E29-C18F-8961-3765-415AAF0EDEA2" otype="FKIndexAssociation" vid_source="FFC63893-7339-6D9B-F0B3-2862781B458E" vid_target="00CEB487-F33F-1C1C-A8DA-8F67C0067E65">
<hideElementsInCurrentOnly>false</hideElementsInCurrentOnly>
<backgroundColor>-16777216</backgroundColor>
<lineWidth>1</lineWidth>
<points>
<point x="729" y="314"/>
<point x="649" y="314"/>
</points>
</Connector>
<Connector class="oracle.dbtools.crest.swingui.relational.TVFKRelation" oid="FF0168DF-D980-EAEF-8F84-44A16C5C58F9" otype="FKIndexAssociation" vid_source="00CEB487-F33F-1C1C-A8DA-8F67C0067E65" vid_target="00CEB487-F33F-1C1C-A8DA-8F67C0067E65">
<hideElementsInCurrentOnly>false</hideElementsInCurrentOnly>
<backgroundColor>-16777216</backgroundColor>
<lineWidth>1</lineWidth>
<points>
<point x="649" y="493"/>
<point x="699" y="493"/>
<point x="699" y="698"/>
<point x="541" y="698"/>
<point x="541" y="648"/>
</points>
</Connector>
</connectors>
</Diagram>