<?xml version = '1.0' encoding = 'UTF-8'?>
<TableProxyOraclev12c class="oracle.dbtools.crest.model.design.storage.oracle.v12c.TableProxyOraclev12c" name="Cuidador" directorySegmentName="seg_0" id="3ECD4838-833C-5F5E-04F8-27F13D588804">
<createdBy>diego</createdBy>
<createdTime>2025-09-01 15:09:26 UTC</createdTime>
<ownerDesignName>vivirmejor</ownerDesignName>
<logging>YES</logging>
<partitionedRowMovement>DISABLE</partitionedRowMovement>
<temporaryChanged>false</temporaryChanged>
<accessDriverType>oracle_loader</accessDriverType>
<rejectLimit></rejectLimit>
<columnProxies itemClass="oracle.dbtools.crest.model.design.storage.oracle.v12c.ColumnProxyOraclev12c">
<ColumnProxy name="id_personal" id="DA381A39-220C-F5AD-D8D9-34F8434B4844">
<createdBy>diego</createdBy>
<createdTime>2025-09-01 15:09:26 UTC</createdTime>
<ownerDesignName>vivirmejor</ownerDesignName>
</ColumnProxy>
</columnProxies>
<foreignKeys>
<ForeignKey class="oracle.dbtools.crest.model.design.storage.oracle.v10g.FKProxyOraclev10g" name="fk_cuidador_personal" id="CB266D4D-7526-3656-0EB0-44498833DC2E">
<createdBy>diego</createdBy>
<createdTime>2025-09-01 15:09:26 UTC</createdTime>
<ownerDesignName>vivirmejor</ownerDesignName>
</ForeignKey>
</foreignKeys>
<primaryKeys>
<PrimaryKey class="oracle.dbtools.crest.model.design.storage.oracle.v10g.PKProxyOraclev10g" name="Cuidador_PK" id="D13A940F-6645-0DF7-4C5F-3A9BB8306ADE">
<createdBy>diego</createdBy>
<createdTime>2025-09-01 15:09:26 UTC</createdTime>
<ownerDesignName>vivirmejor</ownerDesignName>
<indexSort>SORTED</indexSort>
</PrimaryKey>
</primaryKeys>
</TableProxyOraclev12c>