<?xml version = '1.0' encoding = 'UTF-8'?>
<Relation class="oracle.dbtools.crest.model.design.logical.Relation" name="Realiza" directorySegmentName="seg_0" id="40118A06-007C-69B9-9717-C1FE602446DB">
<createdBy>diego</createdBy>
<createdTime>2025-08-18 23:55:52 UTC</createdTime>
<ownerDesignName>modelo_base</ownerDesignName>
<engineerTo>
<item key="62E113EF-E0B2-93AE-94FC-BE3A6F6E775D" value="true"/>
</engineerTo>
<sourcePk>3556A482-0980-0A2E-E2A8-036220993B3C</sourcePk>
<identifying>false</identifying>
<optionalSource>true</optionalSource>
<optionalTarget>false</optionalTarget>
<sourceCardinality>1</sourceCardinality>
<sourceEntity>307BFFD2-554C-20FF-27BD-2AB4CE775BC3</sourceEntity>
<targetCardinalityString>*</targetCardinalityString>
<targetEntity>B684F8C9-2908-99A7-13A1-7DD59A9A9F21</targetEntity>
<transferable>true</transferable>
<deleteRule>NO ACTION</deleteRule>
</Relation>