<?xml version = '1.0' encoding = 'UTF-8'?>
<Relation class="oracle.dbtools.crest.model.design.logical.Relation" name="Atiende" directorySegmentName="seg_0" id="5895F660-4FCE-AC8D-1B26-CFB54AC8F553">
<createdBy>diego</createdBy>
<createdTime>2025-08-18 23:54:41 UTC</createdTime>
<ownerDesignName>modelo_base</ownerDesignName>
<engineerTo>
<item key="62E113EF-E0B2-93AE-94FC-BE3A6F6E775D" value="true"/>
</engineerTo>
<sourcePk>6BF4FCD1-F3C1-5503-6792-C0F4E8DEF226</sourcePk>
<identifying>false</identifying>
<optionalSource>true</optionalSource>
<optionalTarget>false</optionalTarget>
<sourceCardinality>1</sourceCardinality>
<sourceEntity>23C36ABF-0543-163A-CF05-664AF95DCD14</sourceEntity>
<targetCardinalityString>*</targetCardinalityString>
<targetEntity>B684F8C9-2908-99A7-13A1-7DD59A9A9F21</targetEntity>
<transferable>true</transferable>
<deleteRule>NO ACTION</deleteRule>
</Relation>