<?xml version = '1.0' encoding = 'UTF-8'?>
<Relation class="oracle.dbtools.crest.model.design.logical.Relation" name="Relation_3" directorySegmentName="seg_0" id="73FE7F98-BB50-BB15-EC06-1435D0FF2FDB">
<createdBy>diego</createdBy>
<createdTime>2025-08-18 23:57:34 UTC</createdTime>
<ownerDesignName>modelo_base</ownerDesignName>
<engineerTo>
<item key="62E113EF-E0B2-93AE-94FC-BE3A6F6E775D" value="true"/>
</engineerTo>
<sourcePk>0DDB6413-84D9-1788-2916-3104B2C80DC5</sourcePk>
<identifying>false</identifying>
<optionalSource>true</optionalSource>
<optionalTarget>false</optionalTarget>
<sourceCardinality>1</sourceCardinality>
<sourceEntity>AEB21B54-996D-F2BF-7D46-C596A7472BDD</sourceEntity>
<targetCardinalityString>*</targetCardinalityString>
<targetEntity>B684F8C9-2908-99A7-13A1-7DD59A9A9F21</targetEntity>
<transferable>true</transferable>
<deleteRule>NO ACTION</deleteRule>
</Relation>