<?xml version = '1.0' encoding = 'UTF-8'?>
<Table class="oracle.dbtools.crest.model.design.relational.Table" directorySegmentName="seg_0" id="00843313-8D08-015E-654F-3EBDE819D76E" name="Habitacion">
<sourceDDLFile>vivirmejor.sql</sourceDDLFile>
<createdBy>diego</createdBy>
<createdTime>2025-09-01 15:09:26 UTC</createdTime>
<ownerDesignName>vivirmejor</ownerDesignName>
<importedID>D65297D2-85CA-80FE-A8D9-F561F6521564</importedID>
<allowColumnReorder>false</allowColumnReorder>
<existDependencyGenerateInDDl>true</existDependencyGenerateInDDl>
<parsed>true</parsed>
<columns itemClass="oracle.dbtools.crest.model.design.relational.Column">
<Column name="id_habitacion" id="6A7D8856-32DD-8B57-452E-85EE8BC66577">
<sourceDDLFile>vivirmejor.sql</sourceDDLFile>
<createdBy>diego</createdBy>
<createdTime>2025-09-01 15:09:26 UTC</createdTime>
<ownerDesignName>vivirmejor</ownerDesignName>
<importedID>F75BED05-DFF3-B167-A484-2D2B7A8A63C7</importedID>
<use>0</use>
<logicalDatatype>LOGDT019</logicalDatatype>
<domain>7ADB0BE9-9C8C-6A05-FE82-7BEA6361F1BA</domain>
<ownDataTypeParameters>,,</ownDataTypeParameters>
<autoIncrementColumn>true</autoIncrementColumn>
<identityColumn>true</identityColumn>
<defaultOntNull>true</defaultOntNull>
<autoIncrementCycle>false</autoIncrementCycle>
<autoIncrementOrder>false</autoIncrementOrder>
</Column>
<Column name="id_residencia" id="DE9B3A54-39B3-7081-94B3-BD20865B0FC8">
<sourceDDLFile>vivirmejor.sql</sourceDDLFile>
<createdBy>diego</createdBy>
<createdTime>2025-09-01 15:09:26 UTC</createdTime>
<ownerDesignName>vivirmejor</ownerDesignName>
<importedID>EF62D17A-CC20-F6A8-4CE9-D94DABD193C9</importedID>
<use>0</use>
<logicalDatatype>LOGDT019</logicalDatatype>
<domain>7ADB0BE9-9C8C-6A05-FE82-7BEA6361F1BA</domain>
<ownDataTypeParameters>,,</ownDataTypeParameters>
<autoIncrementCycle>false</autoIncrementCycle>
<associations>
<colAssociation fkAssociation="BB9934C6-869C-DBA1-FBC0-6E60BD4FEC56" referredColumn="018511CD-DD5A-9D0C-3E20-4CAAE65E26D4"/>
</associations>
</Column>
<Column name="numero" id="1D4A0A48-A3F1-3A1D-E2B7-02FF00883CC4">
<sourceDDLFile>vivirmejor.sql</sourceDDLFile>
<createdBy>diego</createdBy>
<createdTime>2025-09-01 15:09:26 UTC</createdTime>
<ownerDesignName>vivirmejor</ownerDesignName>
<importedID>D92DE114-E25F-EDC0-8FC1-6E9C3231061F</importedID>
<use>0</use>
<logicalDatatype>LOGDT024</logicalDatatype>
<domain>63CE02BA-64C9-4F23-D1AC-7C37F4849D57</domain>
<ownDataTypeParameters>,,</ownDataTypeParameters>
<autoIncrementCycle>false</autoIncrementCycle>
</Column>
<Column name="tipo" id="0A7A84F9-D343-914B-AC38-50BB232A772F">
<sourceDDLFile>vivirmejor.sql</sourceDDLFile>
<createdBy>diego</createdBy>
<createdTime>2025-09-01 15:09:26 UTC</createdTime>
<ownerDesignName>vivirmejor</ownerDesignName>
<importedID>7A3FE89E-A6D8-F510-0135-BF32DC59496E</importedID>
<use>0</use>
<logicalDatatype>LOGDT024</logicalDatatype>
<domain>AE100928-108B-A382-0913-E76239C81846</domain>
<ownDataTypeParameters>,,</ownDataTypeParameters>
<autoIncrementCycle>false</autoIncrementCycle>
</Column>
<Column name="capacidad" id="AC093380-DEED-9324-3543-94AC0B43E275">
<sourceDDLFile>vivirmejor.sql</sourceDDLFile>
<createdBy>diego</createdBy>
<createdTime>2025-09-01 15:09:26 UTC</createdTime>
<ownerDesignName>vivirmejor</ownerDesignName>
<importedID>9BB80B9D-E817-22A2-2A02-9BF7695E3F7C</importedID>
<use>0</use>
<logicalDatatype>LOGDT019</logicalDatatype>
<domain>EB814079-B2AC-16B8-CE61-EE3925A5D9C7</domain>
<defaultValue>1</defaultValue>
<ownDataTypeParameters>,,</ownDataTypeParameters>
<autoIncrementCycle>false</autoIncrementCycle>
</Column>
</columns>
<indexes itemClass="oracle.dbtools.crest.model.design.relational.Index">
<ind_PK_UK id="16156FEB-6FF5-2984-766B-7EBD1570BF1E" name="Habitacion_PK">
<sourceDDLFile>vivirmejor.sql</sourceDDLFile>
<createdBy>diego</createdBy>
<createdTime>2025-09-01 15:09:26 UTC</createdTime>
<ownerDesignName>vivirmejor</ownerDesignName>
<importedID>4554FA94-DD46-2CAB-25C6-0E7933038240</importedID>
<pk>true</pk>
<indexState>Primary Constraint</indexState>
<isSurrogateKey>false</isSurrogateKey>
<indexColumnUsage>
<colUsage columnID="6A7D8856-32DD-8B57-452E-85EE8BC66577"/>
</indexColumnUsage>
</ind_PK_UK>
<ind_PK_UK id="FBB5797C-0F0A-AA5C-937F-725AAB57062B" name="uq_habitacion_residencia">
<sourceDDLFile>vivirmejor.sql</sourceDDLFile>
<createdBy>diego</createdBy>
<createdTime>2025-09-01 15:09:26 UTC</createdTime>
<ownerDesignName>vivirmejor</ownerDesignName>
<importedID>FB325196-1748-D205-6143-62BDD687F7A6</importedID>
<indexState>Unique Constraint</indexState>
<isSurrogateKey>false</isSurrogateKey>
<indexColumnUsage>
<colUsage columnID="DE9B3A54-39B3-7081-94B3-BD20865B0FC8"/>
<colUsage columnID="1D4A0A48-A3F1-3A1D-E2B7-02FF00883CC4"/>
</indexColumnUsage>
</ind_PK_UK>
<ind_PK_UK id="F583A868-D7E0-DFB8-6AF3-23E1ECF26216" name="fk_habitacion_residencia">
<createdBy>diego</createdBy>
<createdTime>2025-09-01 15:09:26 UTC</createdTime>
<ownerDesignName>vivirmejor</ownerDesignName>
<indexState>Foreign Key</indexState>
<isSurrogateKey>false</isSurrogateKey>
<indexColumnUsage>
<colUsage columnID="DE9B3A54-39B3-7081-94B3-BD20865B0FC8"/>
</indexColumnUsage>
</ind_PK_UK>
</indexes>
<tableCheckConstraints itemClass="oracle.dbtools.crest.model.design.constraint.TableLevelConstraint">
<tableCheckConstraint name="chk_habitacion_tipo" directorySegmentName="seg_0" id="B3ADAAE0-1159-CA9E-8B8D-E72CD59208E4">
<sourceDDLFile>vivirmejor.sql</sourceDDLFile>
<createdBy>diego</createdBy>
<createdTime>2025-09-01 15:09:26 UTC</createdTime>
<ownerDesignName>vivirmejor</ownerDesignName>
<importedID>ED2A9841-1B89-F740-BEC2-64689CFA4636</importedID>
<rule><![CDATA[tipo IN ('Individual', 'Compartida')]]></rule>
</tableCheckConstraint>
</tableCheckConstraints>
</Table>