<?xml version = '1.0' encoding = 'UTF-8'?>
<Table class="oracle.dbtools.crest.model.design.relational.Table" directorySegmentName="seg_0" id="04D4B167-DDC1-BDC8-5898-A9F9227599BF" name="Residente_Permanente">
<sourceDDLFile>vivirmejor.sql</sourceDDLFile>
<createdBy>diego</createdBy>
<createdTime>2025-09-01 15:09:26 UTC</createdTime>
<ownerDesignName>vivirmejor</ownerDesignName>
<importedID>41A30A5A-DD40-FE71-E192-FF047C178A5E</importedID>
<allowColumnReorder>false</allowColumnReorder>
<existDependencyGenerateInDDl>true</existDependencyGenerateInDDl>
<parsed>true</parsed>
<columns itemClass="oracle.dbtools.crest.model.design.relational.Column">
<Column name="id_residente" id="8F025BA6-B615-6019-D39F-180CBCECE04C">
<sourceDDLFile>vivirmejor.sql</sourceDDLFile>
<createdBy>diego</createdBy>
<createdTime>2025-09-01 15:09:26 UTC</createdTime>
<ownerDesignName>vivirmejor</ownerDesignName>
<importedID>7D3A1B34-0EE1-A685-A24C-4CB93D3C4E94</importedID>
<use>0</use>
<logicalDatatype>LOGDT019</logicalDatatype>
<domain>7ADB0BE9-9C8C-6A05-FE82-7BEA6361F1BA</domain>
<ownDataTypeParameters>,,</ownDataTypeParameters>
<autoIncrementCycle>false</autoIncrementCycle>
<associations>
<colAssociation fkAssociation="562F5F8F-A522-76C6-3A34-F4E95A8934CC" referredColumn="15D2796F-6BF8-8B18-A9F4-384C8A9BB4A8"/>
</associations>
</Column>
<Column name="historial_clinico" id="1161E5A5-8A1A-BC98-A81E-77798FA6FFA0">
<sourceDDLFile>vivirmejor.sql</sourceDDLFile>
<createdBy>diego</createdBy>
<createdTime>2025-09-01 15:09:26 UTC</createdTime>
<ownerDesignName>vivirmejor</ownerDesignName>
<importedID>0CEC10C5-D019-F5C3-E0A3-6B7BBDDC506D</importedID>
<nullsAllowed>true</nullsAllowed>
<use>0</use>
<logicalDatatype>LOGDT028</logicalDatatype>
<domain>16FE726C-C5D4-69D4-CDFF-34351E13727D</domain>
<ownDataTypeParameters>,,</ownDataTypeParameters>
<autoIncrementCycle>false</autoIncrementCycle>
</Column>
</columns>
<indexes itemClass="oracle.dbtools.crest.model.design.relational.Index">
<ind_PK_UK id="D82D0C04-A0D0-8309-0566-A9E9B82EF9BA" name="Residente_Permanente_PK">
<sourceDDLFile>vivirmejor.sql</sourceDDLFile>
<createdBy>diego</createdBy>
<createdTime>2025-09-01 15:09:26 UTC</createdTime>
<ownerDesignName>vivirmejor</ownerDesignName>
<importedID>D550B777-53E3-2E3F-91BD-79F7E13F61EF</importedID>
<pk>true</pk>
<indexState>Primary Constraint</indexState>
<isSurrogateKey>false</isSurrogateKey>
<indexColumnUsage>
<colUsage columnID="8F025BA6-B615-6019-D39F-180CBCECE04C"/>
</indexColumnUsage>
</ind_PK_UK>
<ind_PK_UK id="BCE2C23C-422B-5A06-CEEE-ECAB7E886FB5" name="fk_resperm_residente">
<createdBy>diego</createdBy>
<createdTime>2025-09-01 15:09:26 UTC</createdTime>
<ownerDesignName>vivirmejor</ownerDesignName>
<indexState>Foreign Key</indexState>
<isSurrogateKey>false</isSurrogateKey>
<indexColumnUsage>
<colUsage columnID="8F025BA6-B615-6019-D39F-180CBCECE04C"/>
</indexColumnUsage>
</ind_PK_UK>
</indexes>
</Table>