<?xml version = '1.0' encoding = 'UTF-8'?>
<Table class="oracle.dbtools.crest.model.design.relational.Table" directorySegmentName="seg_0" id="0D2D3DC4-03B0-2D61-3F4C-9A7A44E7EB35" name="Apoderado">
<sourceDDLFile>vivirmejor.sql</sourceDDLFile>
<createdBy>diego</createdBy>
<createdTime>2025-09-01 15:09:26 UTC</createdTime>
<ownerDesignName>vivirmejor</ownerDesignName>
<importedID>7C99381B-A95F-E7D4-E1E9-8E75EEADBE2F</importedID>
<allowColumnReorder>false</allowColumnReorder>
<existDependencyGenerateInDDl>true</existDependencyGenerateInDDl>
<parsed>true</parsed>
<columns itemClass="oracle.dbtools.crest.model.design.relational.Column">
<Column name="id_apoderado" id="9666208D-6624-0116-302A-2C2685F78F79">
<sourceDDLFile>vivirmejor.sql</sourceDDLFile>
<createdBy>diego</createdBy>
<createdTime>2025-09-01 15:09:26 UTC</createdTime>
<ownerDesignName>vivirmejor</ownerDesignName>
<importedID>B60C04BF-9020-19E0-7484-4BEBAA8C395C</importedID>
<use>0</use>
<logicalDatatype>LOGDT019</logicalDatatype>
<domain>7ADB0BE9-9C8C-6A05-FE82-7BEA6361F1BA</domain>
<ownDataTypeParameters>,,</ownDataTypeParameters>
<autoIncrementColumn>true</autoIncrementColumn>
<identityColumn>true</identityColumn>
<defaultOntNull>true</defaultOntNull>
<autoIncrementCycle>false</autoIncrementCycle>
<autoIncrementOrder>false</autoIncrementOrder>
</Column>
<Column name="rut" id="3C5B5605-EEBC-2BF5-C828-5C1F39AFAAE6">
<sourceDDLFile>vivirmejor.sql</sourceDDLFile>
<createdBy>diego</createdBy>
<createdTime>2025-09-01 15:09:26 UTC</createdTime>
<ownerDesignName>vivirmejor</ownerDesignName>
<importedID>E3DAC916-973C-6568-95C1-AD34715856AE</importedID>
<use>0</use>
<logicalDatatype>LOGDT024</logicalDatatype>
<domain>C9CD014D-702E-2473-FAD7-8EC063FE0254</domain>
<ownDataTypeParameters>,,</ownDataTypeParameters>
<autoIncrementCycle>false</autoIncrementCycle>
</Column>
<Column name="nombre_completo" id="54EE6FC3-E666-04AD-30A1-85144A6AE4A8">
<sourceDDLFile>vivirmejor.sql</sourceDDLFile>
<createdBy>diego</createdBy>
<createdTime>2025-09-01 15:09:26 UTC</createdTime>
<ownerDesignName>vivirmejor</ownerDesignName>
<importedID>3E5BA3C5-BC04-D2AF-DD59-EB357DA3C63A</importedID>
<use>0</use>
<logicalDatatype>LOGDT024</logicalDatatype>
<domain>FA4BF340-128C-FE4C-0FB3-68715ADA057C</domain>
<ownDataTypeParameters>,,</ownDataTypeParameters>
<autoIncrementCycle>false</autoIncrementCycle>
</Column>
<Column name="contacto" id="3C5EBE5C-6C97-F33A-492E-AFA1E528FD22">
<sourceDDLFile>vivirmejor.sql</sourceDDLFile>
<createdBy>diego</createdBy>
<createdTime>2025-09-01 15:09:26 UTC</createdTime>
<ownerDesignName>vivirmejor</ownerDesignName>
<importedID>79C90705-5698-9705-FAE2-40FD827A4523</importedID>
<use>0</use>
<logicalDatatype>LOGDT024</logicalDatatype>
<domain>CF46C0C0-A30C-CE0E-BCBD-81E338BE57AD</domain>
<ownDataTypeParameters>,,</ownDataTypeParameters>
<autoIncrementCycle>false</autoIncrementCycle>
</Column>
<Column name="relacion" id="9807E9C4-9E7E-E0A4-E9C0-F80C01B9BE37">
<sourceDDLFile>vivirmejor.sql</sourceDDLFile>
<createdBy>diego</createdBy>
<createdTime>2025-09-01 15:09:26 UTC</createdTime>
<ownerDesignName>vivirmejor</ownerDesignName>
<importedID>8DD27CDC-8083-ACFA-82FB-6E7577888091</importedID>
<nullsAllowed>true</nullsAllowed>
<use>0</use>
<logicalDatatype>LOGDT024</logicalDatatype>
<domain>C656F23F-D292-ADF6-025A-C333353CBF6D</domain>
<ownDataTypeParameters>,,</ownDataTypeParameters>
<autoIncrementCycle>false</autoIncrementCycle>
</Column>
</columns>
<indexes itemClass="oracle.dbtools.crest.model.design.relational.Index">
<ind_PK_UK id="BDC08A1A-04ED-7754-F9A6-562BD3537207" name="Apoderado_PK">
<sourceDDLFile>vivirmejor.sql</sourceDDLFile>
<createdBy>diego</createdBy>
<createdTime>2025-09-01 15:09:26 UTC</createdTime>
<ownerDesignName>vivirmejor</ownerDesignName>
<importedID>B2D11800-C041-6AE3-7841-7A192EA1A972</importedID>
<pk>true</pk>
<indexState>Primary Constraint</indexState>
<isSurrogateKey>false</isSurrogateKey>
<indexColumnUsage>
<colUsage columnID="9666208D-6624-0116-302A-2C2685F78F79"/>
</indexColumnUsage>
</ind_PK_UK>
<ind_PK_UK id="2BC77040-2657-ABF7-AFB8-68F5DD549A2F" name="INDEX_1">
<sourceDDLFile>vivirmejor.sql</sourceDDLFile>
<createdBy>diego</createdBy>
<createdTime>2025-09-01 15:09:26 UTC</createdTime>
<ownerDesignName>vivirmejor</ownerDesignName>
<importedID>B269E8B0-3888-2DD9-F33C-782F9A3645AB</importedID>
<indexState>Unique Constraint</indexState>
<isSurrogateKey>false</isSurrogateKey>
<indexColumnUsage>
<colUsage columnID="3C5B5605-EEBC-2BF5-C828-5C1F39AFAAE6"/>
</indexColumnUsage>
</ind_PK_UK>
</indexes>
</Table>