<?xml version = '1.0' encoding = 'UTF-8'?>
<Table class="oracle.dbtools.crest.model.design.relational.Table" directorySegmentName="seg_0" id="3ECD4838-833C-5F5E-04F8-27F13D588804" name="Cuidador">
<sourceDDLFile>vivirmejor.sql</sourceDDLFile>
<createdBy>diego</createdBy>
<createdTime>2025-09-01 15:09:26 UTC</createdTime>
<ownerDesignName>vivirmejor</ownerDesignName>
<importedID>D0931845-FBD8-0C04-5BED-C5E2811EB11A</importedID>
<allowColumnReorder>false</allowColumnReorder>
<existDependencyGenerateInDDl>true</existDependencyGenerateInDDl>
<parsed>true</parsed>
<columns itemClass="oracle.dbtools.crest.model.design.relational.Column">
<Column name="id_personal" id="DA381A39-220C-F5AD-D8D9-34F8434B4844">
<sourceDDLFile>vivirmejor.sql</sourceDDLFile>
<createdBy>diego</createdBy>
<createdTime>2025-09-01 15:09:26 UTC</createdTime>
<ownerDesignName>vivirmejor</ownerDesignName>
<importedID>02B0A95D-19BC-8FA4-0B0C-24410A5567DC</importedID>
<use>0</use>
<logicalDatatype>LOGDT019</logicalDatatype>
<domain>7ADB0BE9-9C8C-6A05-FE82-7BEA6361F1BA</domain>
<ownDataTypeParameters>,,</ownDataTypeParameters>
<autoIncrementCycle>false</autoIncrementCycle>
<associations>
<colAssociation fkAssociation="D2F17E0F-4D08-8AAD-82A6-102DD2E81A17" referredColumn="4780A840-7C9E-96F7-6491-8CB154EB2079"/>
</associations>
</Column>
</columns>
<indexes itemClass="oracle.dbtools.crest.model.design.relational.Index">
<ind_PK_UK id="D13A940F-6645-0DF7-4C5F-3A9BB8306ADE" name="Cuidador_PK">
<sourceDDLFile>vivirmejor.sql</sourceDDLFile>
<createdBy>diego</createdBy>
<createdTime>2025-09-01 15:09:26 UTC</createdTime>
<ownerDesignName>vivirmejor</ownerDesignName>
<importedID>E4267A37-447C-66EB-F4E7-2E718CE52E4C</importedID>
<pk>true</pk>
<indexState>Primary Constraint</indexState>
<isSurrogateKey>false</isSurrogateKey>
<indexColumnUsage>
<colUsage columnID="DA381A39-220C-F5AD-D8D9-34F8434B4844"/>
</indexColumnUsage>
</ind_PK_UK>
<ind_PK_UK id="CB266D4D-7526-3656-0EB0-44498833DC2E" name="fk_cuidador_personal">
<createdBy>diego</createdBy>
<createdTime>2025-09-01 15:09:26 UTC</createdTime>
<ownerDesignName>vivirmejor</ownerDesignName>
<indexState>Foreign Key</indexState>
<isSurrogateKey>false</isSurrogateKey>
<indexColumnUsage>
<colUsage columnID="DA381A39-220C-F5AD-D8D9-34F8434B4844"/>
</indexColumnUsage>
</ind_PK_UK>
</indexes>
</Table>