<?xml version = '1.0' encoding = 'UTF-8'?>
<Table class="oracle.dbtools.crest.model.design.relational.Table" directorySegmentName="seg_0" id="507492FA-5880-ACCF-D807-334A2745E804" name="Anexo">
<sourceDDLFile>vivirmejor.sql</sourceDDLFile>
<createdBy>diego</createdBy>
<createdTime>2025-09-01 15:09:26 UTC</createdTime>
<ownerDesignName>vivirmejor</ownerDesignName>
<importedID>A60C7A4C-217A-855D-D401-5A45B9E60C5C</importedID>
<allowColumnReorder>false</allowColumnReorder>
<existDependencyGenerateInDDl>true</existDependencyGenerateInDDl>
<parsed>true</parsed>
<columns itemClass="oracle.dbtools.crest.model.design.relational.Column">
<Column name="id_anexo" id="FD82BD40-C6F2-07F6-FD51-CE6EBAED86C7">
<sourceDDLFile>vivirmejor.sql</sourceDDLFile>
<createdBy>diego</createdBy>
<createdTime>2025-09-01 15:09:26 UTC</createdTime>
<ownerDesignName>vivirmejor</ownerDesignName>
<importedID>1C89A14C-1105-D91D-3566-04BF8F9A3931</importedID>
<use>0</use>
<logicalDatatype>LOGDT019</logicalDatatype>
<domain>7ADB0BE9-9C8C-6A05-FE82-7BEA6361F1BA</domain>
<ownDataTypeParameters>,,</ownDataTypeParameters>
<autoIncrementColumn>true</autoIncrementColumn>
<identityColumn>true</identityColumn>
<defaultOntNull>true</defaultOntNull>
<autoIncrementCycle>false</autoIncrementCycle>
<autoIncrementOrder>false</autoIncrementOrder>
</Column>
<Column name="id_contrato" id="4305F33D-2BB2-6300-4B65-4A0D7BF690AE">
<sourceDDLFile>vivirmejor.sql</sourceDDLFile>
<createdBy>diego</createdBy>
<createdTime>2025-09-01 15:09:26 UTC</createdTime>
<ownerDesignName>vivirmejor</ownerDesignName>
<importedID>E7575FB5-1BB6-AF59-6682-29C3ADD21CE0</importedID>
<use>0</use>
<logicalDatatype>LOGDT019</logicalDatatype>
<domain>7ADB0BE9-9C8C-6A05-FE82-7BEA6361F1BA</domain>
<ownDataTypeParameters>,,</ownDataTypeParameters>
<autoIncrementCycle>false</autoIncrementCycle>
<associations>
<colAssociation fkAssociation="5D337460-FBE9-724B-A829-EDC318AEE3AD" referredColumn="EBC1C2C9-84BC-2586-CB23-9D0837EB27B7"/>
</associations>
</Column>
<Column name="id_residente" id="2EC6F24A-454D-CA0C-8F60-9036D4B588B9">
<sourceDDLFile>vivirmejor.sql</sourceDDLFile>
<createdBy>diego</createdBy>
<createdTime>2025-09-01 15:09:26 UTC</createdTime>
<ownerDesignName>vivirmejor</ownerDesignName>
<importedID>B234DDDD-3CE3-59BC-FA86-843428AD4523</importedID>
<use>0</use>
<logicalDatatype>LOGDT019</logicalDatatype>
<domain>7ADB0BE9-9C8C-6A05-FE82-7BEA6361F1BA</domain>
<ownDataTypeParameters>,,</ownDataTypeParameters>
<autoIncrementCycle>false</autoIncrementCycle>
<associations>
<colAssociation fkAssociation="AA787444-E806-4498-ADD0-4C2891E6E29C" referredColumn="15D2796F-6BF8-8B18-A9F4-384C8A9BB4A8"/>
</associations>
</Column>
<Column name="fecha_inicio" id="DBEFF874-BE6B-67B4-CEE5-38D69CD7496B">
<sourceDDLFile>vivirmejor.sql</sourceDDLFile>
<createdBy>diego</createdBy>
<createdTime>2025-09-01 15:09:26 UTC</createdTime>
<ownerDesignName>vivirmejor</ownerDesignName>
<importedID>60EAFA61-BA89-19D5-F067-CC70FAF92C37</importedID>
<use>0</use>
<logicalDatatype>LOGDT007</logicalDatatype>
<domain>D6EE48F6-C799-FDCE-CD3A-C3F4022957D4</domain>
<ownDataTypeParameters>,,</ownDataTypeParameters>
<autoIncrementCycle>false</autoIncrementCycle>
</Column>
<Column name="fecha_termino" id="44D67047-A9D9-8032-6C50-43AB98C8645B">
<sourceDDLFile>vivirmejor.sql</sourceDDLFile>
<createdBy>diego</createdBy>
<createdTime>2025-09-01 15:09:26 UTC</createdTime>
<ownerDesignName>vivirmejor</ownerDesignName>
<importedID>EB2862DA-1312-9790-1C7A-17C8BF1E3C73</importedID>
<nullsAllowed>true</nullsAllowed>
<use>0</use>
<logicalDatatype>LOGDT007</logicalDatatype>
<domain>D6EE48F6-C799-FDCE-CD3A-C3F4022957D4</domain>
<ownDataTypeParameters>,,</ownDataTypeParameters>
<autoIncrementCycle>false</autoIncrementCycle>
</Column>
<Column name="observaciones" id="DE96B92A-EDD3-A255-D05C-EA53736B42F5">
<sourceDDLFile>vivirmejor.sql</sourceDDLFile>
<createdBy>diego</createdBy>
<createdTime>2025-09-01 15:09:26 UTC</createdTime>
<ownerDesignName>vivirmejor</ownerDesignName>
<importedID>E3BBBD36-435F-82F4-290C-E5D95A29B7EB</importedID>
<nullsAllowed>true</nullsAllowed>
<use>0</use>
<logicalDatatype>LOGDT024</logicalDatatype>
<domain>EDEA5D80-CD7B-B484-B972-6A73FC73B11A</domain>
<ownDataTypeParameters>,,</ownDataTypeParameters>
<autoIncrementCycle>false</autoIncrementCycle>
</Column>
</columns>
<indexes itemClass="oracle.dbtools.crest.model.design.relational.Index">
<ind_PK_UK id="DD6DE79B-2AEA-EE67-8655-2043B4C9FD12" name="Anexo_PK">
<sourceDDLFile>vivirmejor.sql</sourceDDLFile>
<createdBy>diego</createdBy>
<createdTime>2025-09-01 15:09:26 UTC</createdTime>
<ownerDesignName>vivirmejor</ownerDesignName>
<importedID>9E7E2311-A863-B45D-1412-2B5094FB540B</importedID>
<pk>true</pk>
<indexState>Primary Constraint</indexState>
<isSurrogateKey>false</isSurrogateKey>
<indexColumnUsage>
<colUsage columnID="FD82BD40-C6F2-07F6-FD51-CE6EBAED86C7"/>
</indexColumnUsage>
</ind_PK_UK>
<ind_PK_UK id="3B333F8A-D29C-6DB3-9A98-5D965EF9DF36" name="uq_anexo_residente_vigente">
<sourceDDLFile>vivirmejor.sql</sourceDDLFile>
<createdBy>diego</createdBy>
<createdTime>2025-09-01 15:09:26 UTC</createdTime>
<ownerDesignName>vivirmejor</ownerDesignName>
<importedID>3297A7F2-BF4E-DB7A-DA05-FA725C249160</importedID>
<indexState>Unique Constraint</indexState>
<isSurrogateKey>false</isSurrogateKey>
<indexColumnUsage>
<colUsage columnID="2EC6F24A-454D-CA0C-8F60-9036D4B588B9"/>
<colUsage columnID="44D67047-A9D9-8032-6C50-43AB98C8645B"/>
</indexColumnUsage>
</ind_PK_UK>
<ind_PK_UK id="040938AE-E61D-6131-1ABA-C5B38F870D45" name="fk_anexo_contrato">
<createdBy>diego</createdBy>
<createdTime>2025-09-01 15:09:26 UTC</createdTime>
<ownerDesignName>vivirmejor</ownerDesignName>
<indexState>Foreign Key</indexState>
<isSurrogateKey>false</isSurrogateKey>
<indexColumnUsage>
<colUsage columnID="4305F33D-2BB2-6300-4B65-4A0D7BF690AE"/>
</indexColumnUsage>
</ind_PK_UK>
<ind_PK_UK id="B30BB2D9-B202-7805-BBA6-9088696A4E3A" name="fk_anexo_residente">
<createdBy>diego</createdBy>
<createdTime>2025-09-01 15:09:26 UTC</createdTime>
<ownerDesignName>vivirmejor</ownerDesignName>
<indexState>Foreign Key</indexState>
<isSurrogateKey>false</isSurrogateKey>
<indexColumnUsage>
<colUsage columnID="2EC6F24A-454D-CA0C-8F60-9036D4B588B9"/>
</indexColumnUsage>
</ind_PK_UK>
</indexes>
</Table>