<?xml version = '1.0' encoding = 'UTF-8'?>
<Table class="oracle.dbtools.crest.model.design.relational.Table" directorySegmentName="seg_0" id="730D9ED1-3194-A0A4-CE79-2F175BFCDB39" name="Personal">
<sourceDDLFile>vivirmejor.sql</sourceDDLFile>
<createdBy>diego</createdBy>
<createdTime>2025-09-01 15:09:26 UTC</createdTime>
<ownerDesignName>vivirmejor</ownerDesignName>
<importedID>923A8A83-4574-1DC5-F6A8-9563FEAF7752</importedID>
<allowColumnReorder>false</allowColumnReorder>
<existDependencyGenerateInDDl>true</existDependencyGenerateInDDl>
<parsed>true</parsed>
<columns itemClass="oracle.dbtools.crest.model.design.relational.Column">
<Column name="id_personal" id="4780A840-7C9E-96F7-6491-8CB154EB2079">
<sourceDDLFile>vivirmejor.sql</sourceDDLFile>
<createdBy>diego</createdBy>
<createdTime>2025-09-01 15:09:26 UTC</createdTime>
<ownerDesignName>vivirmejor</ownerDesignName>
<importedID>7CF4BA9D-8898-7452-B7F1-C03262545DA1</importedID>
<use>0</use>
<logicalDatatype>LOGDT019</logicalDatatype>
<domain>7ADB0BE9-9C8C-6A05-FE82-7BEA6361F1BA</domain>
<ownDataTypeParameters>,,</ownDataTypeParameters>
<autoIncrementColumn>true</autoIncrementColumn>
<identityColumn>true</identityColumn>
<defaultOntNull>true</defaultOntNull>
<autoIncrementCycle>false</autoIncrementCycle>
<autoIncrementOrder>false</autoIncrementOrder>
</Column>
<Column name="id_residencia" id="948244AD-E84B-8102-76B6-4F0693F5D3FA">
<sourceDDLFile>vivirmejor.sql</sourceDDLFile>
<createdBy>diego</createdBy>
<createdTime>2025-09-01 15:09:26 UTC</createdTime>
<ownerDesignName>vivirmejor</ownerDesignName>
<importedID>234ED8F9-8EAD-3C61-5F6A-CED538067BFC</importedID>
<use>0</use>
<logicalDatatype>LOGDT019</logicalDatatype>
<domain>7ADB0BE9-9C8C-6A05-FE82-7BEA6361F1BA</domain>
<ownDataTypeParameters>,,</ownDataTypeParameters>
<autoIncrementCycle>false</autoIncrementCycle>
<associations>
<colAssociation fkAssociation="EDA7297C-5132-54C2-6988-FD6442088C38" referredColumn="018511CD-DD5A-9D0C-3E20-4CAAE65E26D4"/>
</associations>
</Column>
<Column name="rut" id="A8FF8440-9F9C-C403-AB55-5465D9E1E7DC">
<sourceDDLFile>vivirmejor.sql</sourceDDLFile>
<createdBy>diego</createdBy>
<createdTime>2025-09-01 15:09:26 UTC</createdTime>
<ownerDesignName>vivirmejor</ownerDesignName>
<importedID>A91CEAE7-33DB-AED6-EC8A-CFE1712D8DFF</importedID>
<use>0</use>
<logicalDatatype>LOGDT024</logicalDatatype>
<domain>C9CD014D-702E-2473-FAD7-8EC063FE0254</domain>
<ownDataTypeParameters>,,</ownDataTypeParameters>
<autoIncrementCycle>false</autoIncrementCycle>
</Column>
<Column name="nombre_completo" id="DA193E32-8D75-5341-320E-30AC37327503">
<sourceDDLFile>vivirmejor.sql</sourceDDLFile>
<createdBy>diego</createdBy>
<createdTime>2025-09-01 15:09:26 UTC</createdTime>
<ownerDesignName>vivirmejor</ownerDesignName>
<importedID>75147F95-8D6A-60AD-FBE7-A38247386FEA</importedID>
<use>0</use>
<logicalDatatype>LOGDT024</logicalDatatype>
<domain>FA4BF340-128C-FE4C-0FB3-68715ADA057C</domain>
<ownDataTypeParameters>,,</ownDataTypeParameters>
<autoIncrementCycle>false</autoIncrementCycle>
</Column>
<Column name="fecha_ingreso" id="AD80D916-7B95-16A1-BFE5-772AC8F20D74">
<sourceDDLFile>vivirmejor.sql</sourceDDLFile>
<createdBy>diego</createdBy>
<createdTime>2025-09-01 15:09:26 UTC</createdTime>
<ownerDesignName>vivirmejor</ownerDesignName>
<importedID>08333680-494F-AA92-9E39-D85BA3B2B946</importedID>
<use>0</use>
<logicalDatatype>LOGDT007</logicalDatatype>
<domain>D6EE48F6-C799-FDCE-CD3A-C3F4022957D4</domain>
<defaultValue>SYSDATE</defaultValue>
<ownDataTypeParameters>,,</ownDataTypeParameters>
<autoIncrementCycle>false</autoIncrementCycle>
</Column>
<Column name="tipo_personal" id="A28AA0C8-9B4F-8F7C-38DB-DC9F3E4852AC">
<sourceDDLFile>vivirmejor.sql</sourceDDLFile>
<createdBy>diego</createdBy>
<createdTime>2025-09-01 15:09:26 UTC</createdTime>
<ownerDesignName>vivirmejor</ownerDesignName>
<importedID>51D00818-DD88-2993-16B9-5A91112482F2</importedID>
<use>0</use>
<logicalDatatype>LOGDT024</logicalDatatype>
<domain>AE100928-108B-A382-0913-E76239C81846</domain>
<ownDataTypeParameters>,,</ownDataTypeParameters>
<autoIncrementCycle>false</autoIncrementCycle>
</Column>
</columns>
<indexes itemClass="oracle.dbtools.crest.model.design.relational.Index">
<ind_PK_UK id="40B4716D-1FB6-06BF-A5AF-F0D6A0F7CB74" name="Personal_PK">
<sourceDDLFile>vivirmejor.sql</sourceDDLFile>
<createdBy>diego</createdBy>
<createdTime>2025-09-01 15:09:26 UTC</createdTime>
<ownerDesignName>vivirmejor</ownerDesignName>
<importedID>59BBAAE4-59BB-FDBF-1472-12C2FE80791D</importedID>
<pk>true</pk>
<indexState>Primary Constraint</indexState>
<isSurrogateKey>false</isSurrogateKey>
<indexColumnUsage>
<colUsage columnID="4780A840-7C9E-96F7-6491-8CB154EB2079"/>
</indexColumnUsage>
</ind_PK_UK>
<ind_PK_UK id="73F800E4-D624-2176-700B-AD0016FEE5CE" name="INDEX_1v1">
<sourceDDLFile>vivirmejor.sql</sourceDDLFile>
<createdBy>diego</createdBy>
<createdTime>2025-09-01 15:09:26 UTC</createdTime>
<ownerDesignName>vivirmejor</ownerDesignName>
<importedID>D1AAB791-227B-FBAF-D1BC-757C5E3CB8C7</importedID>
<indexState>Unique Constraint</indexState>
<isSurrogateKey>false</isSurrogateKey>
<indexColumnUsage>
<colUsage columnID="A8FF8440-9F9C-C403-AB55-5465D9E1E7DC"/>
</indexColumnUsage>
</ind_PK_UK>
<ind_PK_UK id="9276A349-E0AB-E059-16F9-FA3AE286E9E9" name="fk_personal_residencia">
<createdBy>diego</createdBy>
<createdTime>2025-09-01 15:09:26 UTC</createdTime>
<ownerDesignName>vivirmejor</ownerDesignName>
<indexState>Foreign Key</indexState>
<isSurrogateKey>false</isSurrogateKey>
<indexColumnUsage>
<colUsage columnID="948244AD-E84B-8102-76B6-4F0693F5D3FA"/>
</indexColumnUsage>
</ind_PK_UK>
</indexes>
<tableCheckConstraints itemClass="oracle.dbtools.crest.model.design.constraint.TableLevelConstraint">
<tableCheckConstraint name="chk_personal_tipo" directorySegmentName="seg_0" id="4E812EF4-0949-66BE-75DD-2B20831C245A">
<sourceDDLFile>vivirmejor.sql</sourceDDLFile>
<createdBy>diego</createdBy>
<createdTime>2025-09-01 15:09:26 UTC</createdTime>
<ownerDesignName>vivirmejor</ownerDesignName>
<importedID>527F652B-F431-248D-A0EF-CEA2B096C1D9</importedID>
<rule><![CDATA[tipo_personal IN ('Médico', 'Cuidador')]]></rule>
</tableCheckConstraint>
</tableCheckConstraints>
</Table>