<?xml version = '1.0' encoding = 'UTF-8'?>
<Table class="oracle.dbtools.crest.model.design.relational.Table" directorySegmentName="seg_0" id="7B3EFFAB-D608-2C19-950C-CA8B7303E4FA" name="Medico">
<sourceDDLFile>vivirmejor.sql</sourceDDLFile>
<createdBy>diego</createdBy>
<createdTime>2025-09-01 15:09:26 UTC</createdTime>
<ownerDesignName>vivirmejor</ownerDesignName>
<importedID>F4EEDC32-B24B-C5E7-6735-803FB934B58C</importedID>
<allowColumnReorder>false</allowColumnReorder>
<existDependencyGenerateInDDl>true</existDependencyGenerateInDDl>
<parsed>true</parsed>
<columns itemClass="oracle.dbtools.crest.model.design.relational.Column">
<Column name="id_personal" id="B17B6B32-4F7B-4CA0-4511-EE5BC0066200">
<sourceDDLFile>vivirmejor.sql</sourceDDLFile>
<createdBy>diego</createdBy>
<createdTime>2025-09-01 15:09:26 UTC</createdTime>
<ownerDesignName>vivirmejor</ownerDesignName>
<importedID>E5606244-453B-F0EC-1865-C6AA3A6F599E</importedID>
<use>0</use>
<logicalDatatype>LOGDT019</logicalDatatype>
<domain>7ADB0BE9-9C8C-6A05-FE82-7BEA6361F1BA</domain>
<ownDataTypeParameters>,,</ownDataTypeParameters>
<autoIncrementCycle>false</autoIncrementCycle>
<associations>
<colAssociation fkAssociation="2A5CFB9D-3CC0-92CC-C5FE-DE4C4F45497F" referredColumn="4780A840-7C9E-96F7-6491-8CB154EB2079"/>
</associations>
</Column>
<Column name="especialidad" id="981134BA-8142-94C3-564E-FBEA3FD47610">
<sourceDDLFile>vivirmejor.sql</sourceDDLFile>
<createdBy>diego</createdBy>
<createdTime>2025-09-01 15:09:26 UTC</createdTime>
<ownerDesignName>vivirmejor</ownerDesignName>
<importedID>C7C49C93-6C28-1A5E-E00B-4E28FF64B0D9</importedID>
<use>0</use>
<logicalDatatype>LOGDT024</logicalDatatype>
<domain>CF46C0C0-A30C-CE0E-BCBD-81E338BE57AD</domain>
<ownDataTypeParameters>,,</ownDataTypeParameters>
<autoIncrementCycle>false</autoIncrementCycle>
</Column>
<Column name="id_supervisor" id="C9B5D7A1-6F9C-7752-24ED-A810F79B3AE3">
<sourceDDLFile>vivirmejor.sql</sourceDDLFile>
<createdBy>diego</createdBy>
<createdTime>2025-09-01 15:09:26 UTC</createdTime>
<ownerDesignName>vivirmejor</ownerDesignName>
<importedID>DD1F239F-68D3-A781-5706-2E94BABDB6C4</importedID>
<nullsAllowed>true</nullsAllowed>
<use>0</use>
<logicalDatatype>LOGDT019</logicalDatatype>
<domain>7ADB0BE9-9C8C-6A05-FE82-7BEA6361F1BA</domain>
<ownDataTypeParameters>,,</ownDataTypeParameters>
<autoIncrementCycle>false</autoIncrementCycle>
<associations>
<colAssociation fkAssociation="5330E8DF-440F-A49A-BECA-7A73D1B65184" referredColumn="B17B6B32-4F7B-4CA0-4511-EE5BC0066200"/>
</associations>
</Column>
</columns>
<indexes itemClass="oracle.dbtools.crest.model.design.relational.Index">
<ind_PK_UK id="F84EDBEC-6ABE-22C4-699A-7C0E451765CE" name="Medico_PK">
<sourceDDLFile>vivirmejor.sql</sourceDDLFile>
<createdBy>diego</createdBy>
<createdTime>2025-09-01 15:09:26 UTC</createdTime>
<ownerDesignName>vivirmejor</ownerDesignName>
<importedID>7BD3D873-93A2-DB22-984A-6CB0C893AC7A</importedID>
<pk>true</pk>
<indexState>Primary Constraint</indexState>
<isSurrogateKey>false</isSurrogateKey>
<indexColumnUsage>
<colUsage columnID="B17B6B32-4F7B-4CA0-4511-EE5BC0066200"/>
</indexColumnUsage>
</ind_PK_UK>
<ind_PK_UK id="2433677E-2845-5506-27E6-29F1F20A9057" name="fk_medico_personal">
<createdBy>diego</createdBy>
<createdTime>2025-09-01 15:09:26 UTC</createdTime>
<ownerDesignName>vivirmejor</ownerDesignName>
<indexState>Foreign Key</indexState>
<isSurrogateKey>false</isSurrogateKey>
<indexColumnUsage>
<colUsage columnID="B17B6B32-4F7B-4CA0-4511-EE5BC0066200"/>
</indexColumnUsage>
</ind_PK_UK>
<ind_PK_UK id="584E97DE-CCB0-2EC6-5868-8D0FE61BE11D" name="fk_medico_supervisor">
<createdBy>diego</createdBy>
<createdTime>2025-09-01 15:09:26 UTC</createdTime>
<ownerDesignName>vivirmejor</ownerDesignName>
<indexState>Foreign Key</indexState>
<isSurrogateKey>false</isSurrogateKey>
<indexColumnUsage>
<colUsage columnID="C9B5D7A1-6F9C-7752-24ED-A810F79B3AE3"/>
</indexColumnUsage>
</ind_PK_UK>
</indexes>
</Table>