<?xml version = '1.0' encoding = 'UTF-8'?>
<Table class="oracle.dbtools.crest.model.design.relational.Table" directorySegmentName="seg_0" id="EA0BEA7D-EE80-1430-CB13-82838382B4BB" name="Residente_Temporal">
<sourceDDLFile>vivirmejor.sql</sourceDDLFile>
<createdBy>diego</createdBy>
<createdTime>2025-09-01 15:09:26 UTC</createdTime>
<ownerDesignName>vivirmejor</ownerDesignName>
<importedID>78B6AAF3-6574-9360-8A29-62A92E9AF875</importedID>
<allowColumnReorder>false</allowColumnReorder>
<existDependencyGenerateInDDl>true</existDependencyGenerateInDDl>
<parsed>true</parsed>
<columns itemClass="oracle.dbtools.crest.model.design.relational.Column">
<Column name="id_residente" id="7D5E3547-F30B-D841-D8E5-D6D3EA9F6121">
<sourceDDLFile>vivirmejor.sql</sourceDDLFile>
<createdBy>diego</createdBy>
<createdTime>2025-09-01 15:09:26 UTC</createdTime>
<ownerDesignName>vivirmejor</ownerDesignName>
<importedID>37E7787B-5CB9-D0F0-E9E8-1353702C4741</importedID>
<use>0</use>
<logicalDatatype>LOGDT019</logicalDatatype>
<domain>7ADB0BE9-9C8C-6A05-FE82-7BEA6361F1BA</domain>
<ownDataTypeParameters>,,</ownDataTypeParameters>
<autoIncrementCycle>false</autoIncrementCycle>
<associations>
<colAssociation fkAssociation="120CAACD-4D60-AD94-F63D-263D14A772A0" referredColumn="15D2796F-6BF8-8B18-A9F4-384C8A9BB4A8"/>
</associations>
</Column>
<Column name="dias_estadia" id="2F11AD48-DCB5-2EA6-BF7D-CEA037D4134B">
<sourceDDLFile>vivirmejor.sql</sourceDDLFile>
<createdBy>diego</createdBy>
<createdTime>2025-09-01 15:09:26 UTC</createdTime>
<ownerDesignName>vivirmejor</ownerDesignName>
<importedID>912DC7F0-AEC8-57C6-AC61-9AFD53C0E09B</importedID>
<use>0</use>
<logicalDatatype>LOGDT019</logicalDatatype>
<domain>8325E878-6E53-8CE0-EDC9-15C68397C332</domain>
<ownDataTypeParameters>,,</ownDataTypeParameters>
<autoIncrementCycle>false</autoIncrementCycle>
</Column>
</columns>
<indexes itemClass="oracle.dbtools.crest.model.design.relational.Index">
<ind_PK_UK id="31ECE52E-CBA9-C81B-FDAD-27CA9AB28FFD" name="Residente_Temporal_PK">
<sourceDDLFile>vivirmejor.sql</sourceDDLFile>
<createdBy>diego</createdBy>
<createdTime>2025-09-01 15:09:26 UTC</createdTime>
<ownerDesignName>vivirmejor</ownerDesignName>
<importedID>8D112CEF-674C-1867-CF69-A7AB4E7B7C5C</importedID>
<pk>true</pk>
<indexState>Primary Constraint</indexState>
<isSurrogateKey>false</isSurrogateKey>
<indexColumnUsage>
<colUsage columnID="7D5E3547-F30B-D841-D8E5-D6D3EA9F6121"/>
</indexColumnUsage>
</ind_PK_UK>
<ind_PK_UK id="4144F858-99E6-0D41-51F7-4618D63D9B34" name="fk_restemp_residente">
<createdBy>diego</createdBy>
<createdTime>2025-09-01 15:09:26 UTC</createdTime>
<ownerDesignName>vivirmejor</ownerDesignName>
<indexState>Foreign Key</indexState>
<isSurrogateKey>false</isSurrogateKey>
<indexColumnUsage>
<colUsage columnID="7D5E3547-F30B-D841-D8E5-D6D3EA9F6121"/>
</indexColumnUsage>
</ind_PK_UK>
</indexes>
</Table>