<?xml version = '1.0' encoding = 'UTF-8'?>
<Table class="oracle.dbtools.crest.model.design.relational.Table" directorySegmentName="seg_0" id="FBD3C9F1-CAF9-4474-1B46-5BD0ECB9EB9F" name="Residente">
<sourceDDLFile>vivirmejor.sql</sourceDDLFile>
<createdBy>diego</createdBy>
<createdTime>2025-09-01 15:09:26 UTC</createdTime>
<ownerDesignName>vivirmejor</ownerDesignName>
<importedID>361FB4B6-729A-D1B1-A44E-2C5791F8031E</importedID>
<allowColumnReorder>false</allowColumnReorder>
<existDependencyGenerateInDDl>true</existDependencyGenerateInDDl>
<parsed>true</parsed>
<columns itemClass="oracle.dbtools.crest.model.design.relational.Column">
<Column name="id_residente" id="15D2796F-6BF8-8B18-A9F4-384C8A9BB4A8">
<sourceDDLFile>vivirmejor.sql</sourceDDLFile>
<createdBy>diego</createdBy>
<createdTime>2025-09-01 15:09:26 UTC</createdTime>
<ownerDesignName>vivirmejor</ownerDesignName>
<importedID>7D7DBFC2-306B-4A5B-5FCE-4C06FF9C859A</importedID>
<use>0</use>
<logicalDatatype>LOGDT019</logicalDatatype>
<domain>7ADB0BE9-9C8C-6A05-FE82-7BEA6361F1BA</domain>
<ownDataTypeParameters>,,</ownDataTypeParameters>
<autoIncrementColumn>true</autoIncrementColumn>
<identityColumn>true</identityColumn>
<defaultOntNull>true</defaultOntNull>
<autoIncrementCycle>false</autoIncrementCycle>
<autoIncrementOrder>false</autoIncrementOrder>
</Column>
<Column name="id_habitacion" id="47BC81FE-EC5B-5EE4-B112-231631BBA10D">
<sourceDDLFile>vivirmejor.sql</sourceDDLFile>
<createdBy>diego</createdBy>
<createdTime>2025-09-01 15:09:26 UTC</createdTime>
<ownerDesignName>vivirmejor</ownerDesignName>
<importedID>1F76C6A1-9912-E96E-E80A-8D606CDA6546</importedID>
<nullsAllowed>true</nullsAllowed>
<use>0</use>
<logicalDatatype>LOGDT019</logicalDatatype>
<domain>7ADB0BE9-9C8C-6A05-FE82-7BEA6361F1BA</domain>
<ownDataTypeParameters>,,</ownDataTypeParameters>
<autoIncrementCycle>false</autoIncrementCycle>
<associations>
<colAssociation fkAssociation="55BCBC1F-4723-D3B2-8E48-711CB6525228" referredColumn="6A7D8856-32DD-8B57-452E-85EE8BC66577"/>
</associations>
</Column>
<Column name="rut" id="719E89B5-39E3-C59A-E16F-179DD9DFE3F7">
<sourceDDLFile>vivirmejor.sql</sourceDDLFile>
<createdBy>diego</createdBy>
<createdTime>2025-09-01 15:09:26 UTC</createdTime>
<ownerDesignName>vivirmejor</ownerDesignName>
<importedID>5C72A23F-4785-FEDB-3E30-B1497E5F2E41</importedID>
<use>0</use>
<logicalDatatype>LOGDT024</logicalDatatype>
<domain>C9CD014D-702E-2473-FAD7-8EC063FE0254</domain>
<ownDataTypeParameters>,,</ownDataTypeParameters>
<autoIncrementCycle>false</autoIncrementCycle>
</Column>
<Column name="nombre_completo" id="3E17C910-7A8E-7245-A4E5-EB95D9DC44CE">
<sourceDDLFile>vivirmejor.sql</sourceDDLFile>
<createdBy>diego</createdBy>
<createdTime>2025-09-01 15:09:26 UTC</createdTime>
<ownerDesignName>vivirmejor</ownerDesignName>
<importedID>57AF7CDE-934F-D6B7-89AE-D2BF947CF5AD</importedID>
<use>0</use>
<logicalDatatype>LOGDT024</logicalDatatype>
<domain>FA4BF340-128C-FE4C-0FB3-68715ADA057C</domain>
<ownDataTypeParameters>,,</ownDataTypeParameters>
<autoIncrementCycle>false</autoIncrementCycle>
</Column>
<Column name="fecha_nacimiento" id="8CA01625-EBD4-D14B-B258-08637AADCBD8">
<sourceDDLFile>vivirmejor.sql</sourceDDLFile>
<createdBy>diego</createdBy>
<createdTime>2025-09-01 15:09:26 UTC</createdTime>
<ownerDesignName>vivirmejor</ownerDesignName>
<importedID>DE695C4D-3656-2292-4808-DD53F3EBCACD</importedID>
<use>0</use>
<logicalDatatype>LOGDT007</logicalDatatype>
<domain>D6EE48F6-C799-FDCE-CD3A-C3F4022957D4</domain>
<ownDataTypeParameters>,,</ownDataTypeParameters>
<autoIncrementCycle>false</autoIncrementCycle>
</Column>
<Column name="autonomia" id="01335C48-0287-DD48-CE7E-BD1E3F1F7926">
<sourceDDLFile>vivirmejor.sql</sourceDDLFile>
<createdBy>diego</createdBy>
<createdTime>2025-09-01 15:09:26 UTC</createdTime>
<ownerDesignName>vivirmejor</ownerDesignName>
<importedID>844D1C13-CE43-6DB3-8EF5-9567E5E71358</importedID>
<use>0</use>
<logicalDatatype>LOGDT025</logicalDatatype>
<domain>69173968-878B-84A0-12BD-92BAF897D763</domain>
<defaultValue>&apos;S&apos;</defaultValue>
<ownDataTypeParameters>,,</ownDataTypeParameters>
<autoIncrementCycle>false</autoIncrementCycle>
</Column>
<Column name="tipo_residente" id="AEA14BF1-3A5D-E757-0CEB-DA7F4312A45E">
<sourceDDLFile>vivirmejor.sql</sourceDDLFile>
<createdBy>diego</createdBy>
<createdTime>2025-09-01 15:09:26 UTC</createdTime>
<ownerDesignName>vivirmejor</ownerDesignName>
<importedID>020F88A9-3F8E-B5D8-83D5-B73D3E4D699A</importedID>
<use>0</use>
<logicalDatatype>LOGDT024</logicalDatatype>
<domain>AE100928-108B-A382-0913-E76239C81846</domain>
<ownDataTypeParameters>,,</ownDataTypeParameters>
<autoIncrementCycle>false</autoIncrementCycle>
</Column>
</columns>
<indexes itemClass="oracle.dbtools.crest.model.design.relational.Index">
<ind_PK_UK id="657EF776-6A78-0AAD-5289-C7D9F432A47F" name="Residente_PK">
<sourceDDLFile>vivirmejor.sql</sourceDDLFile>
<createdBy>diego</createdBy>
<createdTime>2025-09-01 15:09:26 UTC</createdTime>
<ownerDesignName>vivirmejor</ownerDesignName>
<importedID>90387F18-40FB-C2AB-D1FE-2720D3705B0A</importedID>
<pk>true</pk>
<indexState>Primary Constraint</indexState>
<isSurrogateKey>false</isSurrogateKey>
<indexColumnUsage>
<colUsage columnID="15D2796F-6BF8-8B18-A9F4-384C8A9BB4A8"/>
</indexColumnUsage>
</ind_PK_UK>
<ind_PK_UK id="FF83CC86-DBCA-C01C-F146-83AA0F95E416" name="INDEX_1v3">
<sourceDDLFile>vivirmejor.sql</sourceDDLFile>
<createdBy>diego</createdBy>
<createdTime>2025-09-01 15:09:26 UTC</createdTime>
<ownerDesignName>vivirmejor</ownerDesignName>
<importedID>1B92E041-35C6-8545-288C-2D45D1D94BA2</importedID>
<indexState>Unique Constraint</indexState>
<isSurrogateKey>false</isSurrogateKey>
<indexColumnUsage>
<colUsage columnID="47BC81FE-EC5B-5EE4-B112-231631BBA10D"/>
</indexColumnUsage>
</ind_PK_UK>
<ind_PK_UK id="7E9CD7C8-829C-1576-0254-260DD6729FD1" name="INDEX_2">
<sourceDDLFile>vivirmejor.sql</sourceDDLFile>
<createdBy>diego</createdBy>
<createdTime>2025-09-01 15:09:26 UTC</createdTime>
<ownerDesignName>vivirmejor</ownerDesignName>
<importedID>C80F5BF8-B1C8-05A5-4832-A62EAE2CE028</importedID>
<indexState>Unique Constraint</indexState>
<isSurrogateKey>false</isSurrogateKey>
<indexColumnUsage>
<colUsage columnID="719E89B5-39E3-C59A-E16F-179DD9DFE3F7"/>
</indexColumnUsage>
</ind_PK_UK>
<ind_PK_UK id="842D78ED-C8FD-B9B3-6013-8E3799C9E324" name="fk_residente_habitacion">
<createdBy>diego</createdBy>
<createdTime>2025-09-01 15:09:26 UTC</createdTime>
<ownerDesignName>vivirmejor</ownerDesignName>
<indexState>Foreign Key</indexState>
<isSurrogateKey>false</isSurrogateKey>
<indexColumnUsage>
<colUsage columnID="47BC81FE-EC5B-5EE4-B112-231631BBA10D"/>
</indexColumnUsage>
</ind_PK_UK>
</indexes>
<tableCheckConstraints itemClass="oracle.dbtools.crest.model.design.constraint.TableLevelConstraint">
<tableCheckConstraint name="chk_residente_autonomia" directorySegmentName="seg_0" id="F710BA39-AFC1-6E4D-463A-3A46AF719BE3">
<sourceDDLFile>vivirmejor.sql</sourceDDLFile>
<createdBy>diego</createdBy>
<createdTime>2025-09-01 15:09:26 UTC</createdTime>
<ownerDesignName>vivirmejor</ownerDesignName>
<importedID>EF1A61B6-E239-BBB4-D89A-65B61167D581</importedID>
<rule><![CDATA[autonomia IN ('S', 'N')]]></rule>
</tableCheckConstraint>
<tableCheckConstraint name="chk_residente_tipo" directorySegmentName="seg_0" id="3EDDAB02-4DAF-E019-0395-0BF3B3B11D47">
<sourceDDLFile>vivirmejor.sql</sourceDDLFile>
<createdBy>diego</createdBy>
<createdTime>2025-09-01 15:09:26 UTC</createdTime>
<ownerDesignName>vivirmejor</ownerDesignName>
<importedID>CAC19D81-F7E2-84F6-A73F-BF5844F3CD3C</importedID>
<rule><![CDATA[tipo_residente IN ('Permanente', 'Temporal')]]></rule>
</tableCheckConstraint>
</tableCheckConstraints>
</Table>