<?xml version = '1.0' encoding = 'UTF-8'?>
<FKIndexAssociation class="oracle.dbtools.crest.model.design.relational.FKIndexAssociation" directorySegmentName="seg_0" id="1BA709A8-31C1-FDD2-F3F9-C1EF0CD49070" containerWithKeyObject="6E036C14-62FF-6441-C6EF-3CDD5A83095F" localFKIndex="09F62335-109A-4558-ADBA-734D12E4C8EC" name="fk_maquina_planta">
<sourceDDLFile>model.sql</sourceDDLFile>
<createdBy>diego</createdBy>
<createdTime>2025-10-13 02:07:57 UTC</createdTime>
<ownerDesignName>s9</ownerDesignName>
<importedID>24CACEBD-A01E-DD1B-8B9B-589AF1EB34E2</importedID>
<referredTableLongName>Planta</referredTableLongName>
<deleteRule>NO ACTION</deleteRule>
<referredTableID>722EC677-B6B7-ED64-4365-15EAE5007CFF</referredTableID>
<keyObject>8D030500-FCB6-175C-B4D7-45FDF4AB6D07</keyObject>
<referredKeyID>8D030500-FCB6-175C-B4D7-45FDF4AB6D07</referredKeyID>
<mandatory>true</mandatory>
<refColNames>id_planta</refColNames>
<transferable>true</transferable>
<rely>false</rely>
<columnDependencyConstraintGenerateInDDL>true</columnDependencyConstraintGenerateInDDL>
</FKIndexAssociation>