<?xml version = '1.0' encoding = 'UTF-8'?>
<FKIndexAssociation class="oracle.dbtools.crest.model.design.relational.FKIndexAssociation" directorySegmentName="seg_0" id="24E1EAAE-F517-C717-F604-88ED3E8EE0A3" containerWithKeyObject="9831EF73-3103-2C1B-C154-5772EA1C6686" localFKIndex="E15F7AB3-F546-712C-7A81-7C3F670F0086" name="fk_asignacion_turno">
<sourceDDLFile>model.sql</sourceDDLFile>
<createdBy>diego</createdBy>
<createdTime>2025-10-13 02:07:57 UTC</createdTime>
<ownerDesignName>s9</ownerDesignName>
<importedID>656443C9-58AB-A633-0D97-026D7637F286</importedID>
<referredTableLongName>Turno</referredTableLongName>
<deleteRule>NO ACTION</deleteRule>
<referredTableID>AF189140-685A-6C58-B8BA-CDF2AB050FC5</referredTableID>
<keyObject>D154A1B7-6D3F-F1B2-7CCD-12568DC1745F</keyObject>
<referredKeyID>D154A1B7-6D3F-F1B2-7CCD-12568DC1745F</referredKeyID>
<mandatory>true</mandatory>
<refColNames>id_turno</refColNames>
<transferable>true</transferable>
<rely>false</rely>
<columnDependencyConstraintGenerateInDDL>true</columnDependencyConstraintGenerateInDDL>
</FKIndexAssociation>