<?xml version = '1.0' encoding = 'UTF-8'?>
<FKIndexAssociation class="oracle.dbtools.crest.model.design.relational.FKIndexAssociation" directorySegmentName="seg_0" id="48F2297A-53D6-996C-3411-849844BE70BF" containerWithKeyObject="8F4A70FE-355F-9AEA-F951-7F23E1BA9245" localFKIndex="1E1686AA-8256-2446-7543-695DC5B89AD5" name="fk_empleado_sistema_salud">
<sourceDDLFile>model.sql</sourceDDLFile>
<createdBy>diego</createdBy>
<createdTime>2025-10-13 02:07:57 UTC</createdTime>
<ownerDesignName>s9</ownerDesignName>
<importedID>33829C9C-FBC7-B204-B384-1CDF2F37938B</importedID>
<referredTableLongName>Sistema_Salud</referredTableLongName>
<deleteRule>NO ACTION</deleteRule>
<referredTableID>A5009DEC-28DD-23B4-B48D-DE3A57D88BE9</referredTableID>
<keyObject>0073DB35-DA27-7317-9DF6-FDA8D9217F9E</keyObject>
<referredKeyID>0073DB35-DA27-7317-9DF6-FDA8D9217F9E</referredKeyID>
<mandatory>true</mandatory>
<refColNames>id_sistema_salud</refColNames>
<transferable>true</transferable>
<rely>false</rely>
<columnDependencyConstraintGenerateInDDL>true</columnDependencyConstraintGenerateInDDL>
</FKIndexAssociation>