<?xml version = '1.0' encoding = 'UTF-8'?>
<FKIndexAssociation class="oracle.dbtools.crest.model.design.relational.FKIndexAssociation" directorySegmentName="seg_0" id="9371FE01-FF5B-7188-9940-956BB57949B1" containerWithKeyObject="8F4A70FE-355F-9AEA-F951-7F23E1BA9245" localFKIndex="875E62FD-79C1-4EBE-5C01-6FA1A1C4A105" name="fk_empleado_planta">
<sourceDDLFile>model.sql</sourceDDLFile>
<createdBy>diego</createdBy>
<createdTime>2025-10-13 02:07:57 UTC</createdTime>
<ownerDesignName>s9</ownerDesignName>
<importedID>DCC16C4F-189D-81C7-C63C-90ED3B4671FD</importedID>
<referredTableLongName>Planta</referredTableLongName>
<deleteRule>NO ACTION</deleteRule>
<referredTableID>722EC677-B6B7-ED64-4365-15EAE5007CFF</referredTableID>
<keyObject>8D030500-FCB6-175C-B4D7-45FDF4AB6D07</keyObject>
<referredKeyID>8D030500-FCB6-175C-B4D7-45FDF4AB6D07</referredKeyID>
<mandatory>true</mandatory>
<refColNames>id_planta</refColNames>
<transferable>true</transferable>
<rely>false</rely>
<columnDependencyConstraintGenerateInDDL>true</columnDependencyConstraintGenerateInDDL>
</FKIndexAssociation>