<?xml version = '1.0' encoding = 'UTF-8'?>
<FKIndexAssociation class="oracle.dbtools.crest.model.design.relational.FKIndexAssociation" directorySegmentName="seg_0" id="9E428361-D247-853E-2BD1-B7DC7C110504" containerWithKeyObject="9831EF73-3103-2C1B-C154-5772EA1C6686" localFKIndex="EA5362E8-4634-EA8C-2FCD-7460DF8E5ADE" name="fk_asignacion_empleado">
<sourceDDLFile>model.sql</sourceDDLFile>
<createdBy>diego</createdBy>
<createdTime>2025-10-13 02:07:57 UTC</createdTime>
<ownerDesignName>s9</ownerDesignName>
<importedID>5C528EAA-3019-544C-641A-12CBB3C2C26D</importedID>
<referredTableLongName>Empleado</referredTableLongName>
<deleteRule>NO ACTION</deleteRule>
<referredTableID>8F4A70FE-355F-9AEA-F951-7F23E1BA9245</referredTableID>
<keyObject>A68A04B1-74FF-CCDC-4726-49EA6BFBE148</keyObject>
<referredKeyID>A68A04B1-74FF-CCDC-4726-49EA6BFBE148</referredKeyID>
<mandatory>true</mandatory>
<refColNames>id_empleado</refColNames>
<transferable>true</transferable>
<rely>false</rely>
<columnDependencyConstraintGenerateInDDL>true</columnDependencyConstraintGenerateInDDL>
</FKIndexAssociation>