<?xml version = '1.0' encoding = 'UTF-8'?>
<FKIndexAssociation class="oracle.dbtools.crest.model.design.relational.FKIndexAssociation" directorySegmentName="seg_0" id="A622DE6C-66F4-FB22-D501-A1BC327211F8" containerWithKeyObject="84D08BB1-D784-24AF-4C9E-68F8416B317F" localFKIndex="7E5567C4-5B08-3B3A-45D0-3A1154B16DBC" name="fk_orden_maquina">
<sourceDDLFile>model.sql</sourceDDLFile>
<createdBy>diego</createdBy>
<createdTime>2025-10-13 02:07:57 UTC</createdTime>
<ownerDesignName>s9</ownerDesignName>
<importedID>37EF068F-30CA-2553-86AE-8C33638A35DA</importedID>
<referredTableLongName>Maquina</referredTableLongName>
<deleteRule>NO ACTION</deleteRule>
<referredTableID>6E036C14-62FF-6441-C6EF-3CDD5A83095F</referredTableID>
<keyObject>27043D8D-8D02-A465-7683-CB1C49FFCEA6</keyObject>
<referredKeyID>27043D8D-8D02-A465-7683-CB1C49FFCEA6</referredKeyID>
<mandatory>true</mandatory>
<refColNames>numero_maquina,planta_id</refColNames>
<transferable>true</transferable>
<rely>false</rely>
<columnDependencyConstraintGenerateInDDL>true</columnDependencyConstraintGenerateInDDL>
</FKIndexAssociation>