<?xml version = '1.0' encoding = 'UTF-8'?>
<FKIndexAssociation class="oracle.dbtools.crest.model.design.relational.FKIndexAssociation" directorySegmentName="seg_0" id="B4B07C44-93D1-E312-E214-B416AE5B81E8" containerWithKeyObject="499C0620-0855-0459-2CF0-43DA76D33E09" localFKIndex="54176401-9317-33EE-196B-B4284437FCCF" name="fk_comuna_region">
<sourceDDLFile>model.sql</sourceDDLFile>
<createdBy>diego</createdBy>
<createdTime>2025-10-13 02:07:57 UTC</createdTime>
<ownerDesignName>s9</ownerDesignName>
<importedID>A790AD17-7EED-AE99-63D7-DEBD2E163F54</importedID>
<referredTableLongName>Region</referredTableLongName>
<deleteRule>NO ACTION</deleteRule>
<referredTableID>FD4EC96D-A918-5050-4394-284DCB755492</referredTableID>
<keyObject>16E13254-70EF-048C-ACF6-E0D2BFC6C764</keyObject>
<referredKeyID>16E13254-70EF-048C-ACF6-E0D2BFC6C764</referredKeyID>
<mandatory>true</mandatory>
<refColNames>id_region</refColNames>
<transferable>true</transferable>
<rely>false</rely>
<columnDependencyConstraintGenerateInDDL>true</columnDependencyConstraintGenerateInDDL>
</FKIndexAssociation>