<?xml version = '1.0' encoding = 'UTF-8'?>
<FKIndexAssociation class="oracle.dbtools.crest.model.design.relational.FKIndexAssociation" directorySegmentName="seg_0" id="C6AF1395-C6BC-CDBE-C0C6-AADB7D89A9A0" containerWithKeyObject="9831EF73-3103-2C1B-C154-5772EA1C6686" localFKIndex="6498CE37-397A-BB39-4C90-309B4C8C57EA" name="fk_asignacion_maquina">
<sourceDDLFile>model.sql</sourceDDLFile>
<createdBy>diego</createdBy>
<createdTime>2025-10-13 02:07:57 UTC</createdTime>
<ownerDesignName>s9</ownerDesignName>
<importedID>F6CC0A3E-F2C9-DA8B-46AD-A35D4557C2B3</importedID>
<referredTableLongName>Maquina</referredTableLongName>
<deleteRule>NO ACTION</deleteRule>
<referredTableID>6E036C14-62FF-6441-C6EF-3CDD5A83095F</referredTableID>
<keyObject>27043D8D-8D02-A465-7683-CB1C49FFCEA6</keyObject>
<referredKeyID>27043D8D-8D02-A465-7683-CB1C49FFCEA6</referredKeyID>
<mandatory>true</mandatory>
<refColNames>numero_maquina,planta_id</refColNames>
<transferable>true</transferable>
<rely>false</rely>
<columnDependencyConstraintGenerateInDDL>true</columnDependencyConstraintGenerateInDDL>
</FKIndexAssociation>