<?xml version = '1.0' encoding = 'UTF-8'?>
<FKIndexAssociation class="oracle.dbtools.crest.model.design.relational.FKIndexAssociation" directorySegmentName="seg_0" id="C9D8BB83-4F5A-B2AB-5169-D152342DAC9C" containerWithKeyObject="6E036C14-62FF-6441-C6EF-3CDD5A83095F" localFKIndex="C45D742E-E8C0-5E91-35B9-E3C371AFA136" name="fk_maquina_tipo">
<sourceDDLFile>model.sql</sourceDDLFile>
<createdBy>diego</createdBy>
<createdTime>2025-10-13 02:07:57 UTC</createdTime>
<ownerDesignName>s9</ownerDesignName>
<importedID>CDFAE493-3141-2D3B-AB9A-514F872F3784</importedID>
<referredTableLongName>Tipo_Maquina</referredTableLongName>
<deleteRule>NO ACTION</deleteRule>
<referredTableID>A8D9ECFF-2A33-6EC1-A2E9-C7B68CD224B6</referredTableID>
<keyObject>90531205-C917-BC16-82F9-D160268EF67A</keyObject>
<referredKeyID>90531205-C917-BC16-82F9-D160268EF67A</referredKeyID>
<mandatory>true</mandatory>
<refColNames>id_tipo_maquina</refColNames>
<transferable>true</transferable>
<rely>false</rely>
<columnDependencyConstraintGenerateInDDL>true</columnDependencyConstraintGenerateInDDL>
</FKIndexAssociation>