<?xml version = '1.0' encoding = 'UTF-8'?>
<FKIndexAssociation class="oracle.dbtools.crest.model.design.relational.FKIndexAssociation" directorySegmentName="seg_0" id="CFE14E2D-4574-B5E9-1216-5A66A0B07400" containerWithKeyObject="84D08BB1-D784-24AF-4C9E-68F8416B317F" localFKIndex="C9B6BF96-2FDE-8694-21EE-9E0F93CDF83A" name="fk_orden_tecnico">
<sourceDDLFile>model.sql</sourceDDLFile>
<createdBy>diego</createdBy>
<createdTime>2025-10-13 02:07:57 UTC</createdTime>
<ownerDesignName>s9</ownerDesignName>
<importedID>189F5A74-09D2-A417-4BA1-7F108A649C78</importedID>
<referredTableLongName>Empleado</referredTableLongName>
<deleteRule>NO ACTION</deleteRule>
<referredTableID>8F4A70FE-355F-9AEA-F951-7F23E1BA9245</referredTableID>
<keyObject>A68A04B1-74FF-CCDC-4726-49EA6BFBE148</keyObject>
<referredKeyID>A68A04B1-74FF-CCDC-4726-49EA6BFBE148</referredKeyID>
<mandatory>true</mandatory>
<refColNames>id_empleado</refColNames>
<transferable>true</transferable>
<rely>false</rely>
<columnDependencyConstraintGenerateInDDL>true</columnDependencyConstraintGenerateInDDL>
</FKIndexAssociation>