<?xml version = '1.0' encoding = 'UTF-8'?>
<FKIndexAssociation class="oracle.dbtools.crest.model.design.relational.FKIndexAssociation" directorySegmentName="seg_0" id="D75CF1D3-1D00-14B8-AF77-B65BE4C8E81C" containerWithKeyObject="722EC677-B6B7-ED64-4365-15EAE5007CFF" localFKIndex="8335A7D7-1463-D8AC-B467-EDCC2DD9861A" name="fk_planta_comuna">
<sourceDDLFile>model.sql</sourceDDLFile>
<createdBy>diego</createdBy>
<createdTime>2025-10-13 02:07:57 UTC</createdTime>
<ownerDesignName>s9</ownerDesignName>
<importedID>0423A216-5006-D0BB-34BE-1AD4C58DDFC2</importedID>
<referredTableLongName>Comuna</referredTableLongName>
<deleteRule>NO ACTION</deleteRule>
<referredTableID>499C0620-0855-0459-2CF0-43DA76D33E09</referredTableID>
<keyObject>73E6007B-0127-2D6C-D093-36CC27D88958</keyObject>
<referredKeyID>73E6007B-0127-2D6C-D093-36CC27D88958</referredKeyID>
<mandatory>true</mandatory>
<refColNames>id_comuna</refColNames>
<transferable>true</transferable>
<rely>false</rely>
<columnDependencyConstraintGenerateInDDL>true</columnDependencyConstraintGenerateInDDL>
</FKIndexAssociation>