<?xml version = '1.0' encoding = 'UTF-8'?>
<FKIndexAssociation class="oracle.dbtools.crest.model.design.relational.FKIndexAssociation" directorySegmentName="seg_0" id="F8344E29-C18F-8961-3765-415AAF0EDEA2" containerWithKeyObject="8F4A70FE-355F-9AEA-F951-7F23E1BA9245" localFKIndex="542D971C-7E73-806B-E19D-ECC1A66AED43" name="fk_empleado_afp">
<sourceDDLFile>model.sql</sourceDDLFile>
<createdBy>diego</createdBy>
<createdTime>2025-10-13 02:07:57 UTC</createdTime>
<ownerDesignName>s9</ownerDesignName>
<importedID>568F86C3-0303-7F25-4642-8095958EC4AA</importedID>
<referredTableLongName>Afp</referredTableLongName>
<deleteRule>NO ACTION</deleteRule>
<referredTableID>83A3A260-ADF1-05D9-F859-55410A1EC2E9</referredTableID>
<keyObject>AEE3C938-BFE6-E101-E343-9C12BEA3B88F</keyObject>
<referredKeyID>AEE3C938-BFE6-E101-E343-9C12BEA3B88F</referredKeyID>
<mandatory>true</mandatory>
<refColNames>id_afp</refColNames>
<transferable>true</transferable>
<rely>false</rely>
<columnDependencyConstraintGenerateInDDL>true</columnDependencyConstraintGenerateInDDL>
</FKIndexAssociation>