<?xml version = '1.0' encoding = 'UTF-8'?>
<FKIndexAssociation class="oracle.dbtools.crest.model.design.relational.FKIndexAssociation" directorySegmentName="seg_0" id="FF0168DF-D980-EAEF-8F84-44A16C5C58F9" containerWithKeyObject="8F4A70FE-355F-9AEA-F951-7F23E1BA9245" localFKIndex="074190AA-1DF1-9E3E-B42C-51F734C3504C" name="fk_empleado_jefe">
<sourceDDLFile>model.sql</sourceDDLFile>
<createdBy>diego</createdBy>
<createdTime>2025-10-13 02:07:57 UTC</createdTime>
<ownerDesignName>s9</ownerDesignName>
<importedID>449339AB-19FF-A496-4A25-D419D18A0563</importedID>
<referredTableLongName>Empleado</referredTableLongName>
<deleteRule>NO ACTION</deleteRule>
<referredTableID>8F4A70FE-355F-9AEA-F951-7F23E1BA9245</referredTableID>
<keyObject>A68A04B1-74FF-CCDC-4726-49EA6BFBE148</keyObject>
<referredKeyID>A68A04B1-74FF-CCDC-4726-49EA6BFBE148</referredKeyID>
<mandatory>false</mandatory>
<refColNames>id_empleado</refColNames>
<transferable>true</transferable>
<rely>false</rely>
<columnDependencyConstraintGenerateInDDL>true</columnDependencyConstraintGenerateInDDL>
</FKIndexAssociation>