<?xml version = '1.0' encoding = 'UTF-8'?>
<FKIndexAssociation class="oracle.dbtools.crest.model.design.relational.FKIndexAssociation" directorySegmentName="seg_0" id="120CAACD-4D60-AD94-F63D-263D14A772A0" containerWithKeyObject="EA0BEA7D-EE80-1430-CB13-82838382B4BB" localFKIndex="4144F858-99E6-0D41-51F7-4618D63D9B34" name="fk_restemp_residente">
<sourceDDLFile>vivirmejor.sql</sourceDDLFile>
<createdBy>diego</createdBy>
<createdTime>2025-09-01 15:09:26 UTC</createdTime>
<ownerDesignName>vivirmejor</ownerDesignName>
<importedID>27CC5E79-1EF9-F70D-218F-79DBF9BB7679</importedID>
<referredTableLongName>Residente</referredTableLongName>
<deleteRule>CASCADE</deleteRule>
<referredTableID>FBD3C9F1-CAF9-4474-1B46-5BD0ECB9EB9F</referredTableID>
<keyObject>657EF776-6A78-0AAD-5289-C7D9F432A47F</keyObject>
<referredKeyID>657EF776-6A78-0AAD-5289-C7D9F432A47F</referredKeyID>
<mandatory>true</mandatory>
<refColNames>id_residente</refColNames>
<transferable>true</transferable>
<rely>false</rely>
<columnDependencyConstraintGenerateInDDL>true</columnDependencyConstraintGenerateInDDL>
</FKIndexAssociation>