<?xml version = '1.0' encoding = 'UTF-8'?>
<FKIndexAssociation class="oracle.dbtools.crest.model.design.relational.FKIndexAssociation" directorySegmentName="seg_0" id="2A5CFB9D-3CC0-92CC-C5FE-DE4C4F45497F" containerWithKeyObject="7B3EFFAB-D608-2C19-950C-CA8B7303E4FA" localFKIndex="2433677E-2845-5506-27E6-29F1F20A9057" name="fk_medico_personal">
<sourceDDLFile>vivirmejor.sql</sourceDDLFile>
<createdBy>diego</createdBy>
<createdTime>2025-09-01 15:09:26 UTC</createdTime>
<ownerDesignName>vivirmejor</ownerDesignName>
<importedID>7D7658BD-612A-2A3D-0947-DF3873CDF0C5</importedID>
<referredTableLongName>Personal</referredTableLongName>
<deleteRule>CASCADE</deleteRule>
<referredTableID>730D9ED1-3194-A0A4-CE79-2F175BFCDB39</referredTableID>
<keyObject>40B4716D-1FB6-06BF-A5AF-F0D6A0F7CB74</keyObject>
<referredKeyID>40B4716D-1FB6-06BF-A5AF-F0D6A0F7CB74</referredKeyID>
<mandatory>true</mandatory>
<refColNames>id_personal</refColNames>
<transferable>true</transferable>
<rely>false</rely>
<columnDependencyConstraintGenerateInDDL>true</columnDependencyConstraintGenerateInDDL>
</FKIndexAssociation>