<?xml version = '1.0' encoding = 'UTF-8'?>
<FKIndexAssociation class="oracle.dbtools.crest.model.design.relational.FKIndexAssociation" directorySegmentName="seg_0" id="5330E8DF-440F-A49A-BECA-7A73D1B65184" containerWithKeyObject="7B3EFFAB-D608-2C19-950C-CA8B7303E4FA" localFKIndex="584E97DE-CCB0-2EC6-5868-8D0FE61BE11D" name="fk_medico_supervisor">
<sourceDDLFile>vivirmejor.sql</sourceDDLFile>
<createdBy>diego</createdBy>
<createdTime>2025-09-01 15:09:26 UTC</createdTime>
<ownerDesignName>vivirmejor</ownerDesignName>
<importedID>5FD09278-C6EE-85DD-2D44-529A2A25AF6A</importedID>
<referredTableLongName>Medico</referredTableLongName>
<deleteRule>SET NULL</deleteRule>
<referredTableID>7B3EFFAB-D608-2C19-950C-CA8B7303E4FA</referredTableID>
<keyObject>F84EDBEC-6ABE-22C4-699A-7C0E451765CE</keyObject>
<referredKeyID>F84EDBEC-6ABE-22C4-699A-7C0E451765CE</referredKeyID>
<mandatory>false</mandatory>
<refColNames>id_personal</refColNames>
<transferable>true</transferable>
<rely>false</rely>
<columnDependencyConstraintGenerateInDDL>true</columnDependencyConstraintGenerateInDDL>
</FKIndexAssociation>