<?xml version = '1.0' encoding = 'UTF-8'?>
<FKIndexAssociation class="oracle.dbtools.crest.model.design.relational.FKIndexAssociation" directorySegmentName="seg_0" id="55BCBC1F-4723-D3B2-8E48-711CB6525228" containerWithKeyObject="FBD3C9F1-CAF9-4474-1B46-5BD0ECB9EB9F" localFKIndex="842D78ED-C8FD-B9B3-6013-8E3799C9E324" name="fk_residente_habitacion">
<sourceDDLFile>vivirmejor.sql</sourceDDLFile>
<createdBy>diego</createdBy>
<createdTime>2025-09-01 15:09:26 UTC</createdTime>
<ownerDesignName>vivirmejor</ownerDesignName>
<importedID>33226424-C796-40F4-0F89-4A2C0FDCB84E</importedID>
<referredTableLongName>Habitacion</referredTableLongName>
<deleteRule>SET NULL</deleteRule>
<referredTableID>00843313-8D08-015E-654F-3EBDE819D76E</referredTableID>
<keyObject>16156FEB-6FF5-2984-766B-7EBD1570BF1E</keyObject>
<referredKeyID>16156FEB-6FF5-2984-766B-7EBD1570BF1E</referredKeyID>
<mandatory>false</mandatory>
<refColNames>id_habitacion</refColNames>
<transferable>true</transferable>
<rely>false</rely>
<columnDependencyConstraintGenerateInDDL>true</columnDependencyConstraintGenerateInDDL>
</FKIndexAssociation>