<?xml version = '1.0' encoding = 'UTF-8'?>
<FKIndexAssociation class="oracle.dbtools.crest.model.design.relational.FKIndexAssociation" directorySegmentName="seg_0" id="562F5F8F-A522-76C6-3A34-F4E95A8934CC" containerWithKeyObject="04D4B167-DDC1-BDC8-5898-A9F9227599BF" localFKIndex="BCE2C23C-422B-5A06-CEEE-ECAB7E886FB5" name="fk_resperm_residente">
<sourceDDLFile>vivirmejor.sql</sourceDDLFile>
<createdBy>diego</createdBy>
<createdTime>2025-09-01 15:09:26 UTC</createdTime>
<ownerDesignName>vivirmejor</ownerDesignName>
<importedID>DF5B1A89-4C78-C538-544D-E6DE4484E4E4</importedID>
<referredTableLongName>Residente</referredTableLongName>
<deleteRule>CASCADE</deleteRule>
<referredTableID>FBD3C9F1-CAF9-4474-1B46-5BD0ECB9EB9F</referredTableID>
<keyObject>657EF776-6A78-0AAD-5289-C7D9F432A47F</keyObject>
<referredKeyID>657EF776-6A78-0AAD-5289-C7D9F432A47F</referredKeyID>
<mandatory>true</mandatory>
<refColNames>id_residente</refColNames>
<transferable>true</transferable>
<rely>false</rely>
<columnDependencyConstraintGenerateInDDL>true</columnDependencyConstraintGenerateInDDL>
</FKIndexAssociation>