<?xml version = '1.0' encoding = 'UTF-8'?>
<FKIndexAssociation class="oracle.dbtools.crest.model.design.relational.FKIndexAssociation" directorySegmentName="seg_0" id="5D337460-FBE9-724B-A829-EDC318AEE3AD" containerWithKeyObject="507492FA-5880-ACCF-D807-334A2745E804" localFKIndex="040938AE-E61D-6131-1ABA-C5B38F870D45" name="fk_anexo_contrato">
<sourceDDLFile>vivirmejor.sql</sourceDDLFile>
<createdBy>diego</createdBy>
<createdTime>2025-09-01 15:09:26 UTC</createdTime>
<ownerDesignName>vivirmejor</ownerDesignName>
<importedID>7269AE17-C14B-9CF8-4C4A-94F74CC21E56</importedID>
<referredTableLongName>Contrato</referredTableLongName>
<deleteRule>CASCADE</deleteRule>
<referredTableID>77D8BB39-2432-04C1-6A33-C7E0E108F046</referredTableID>
<keyObject>B1335112-49F7-35F9-2313-34EAC1663557</keyObject>
<referredKeyID>B1335112-49F7-35F9-2313-34EAC1663557</referredKeyID>
<mandatory>true</mandatory>
<refColNames>id_contrato</refColNames>
<transferable>true</transferable>
<rely>false</rely>
<columnDependencyConstraintGenerateInDDL>true</columnDependencyConstraintGenerateInDDL>
</FKIndexAssociation>