<?xml version = '1.0' encoding = 'UTF-8'?>
<FKIndexAssociation class="oracle.dbtools.crest.model.design.relational.FKIndexAssociation" directorySegmentName="seg_0" id="AA787444-E806-4498-ADD0-4C2891E6E29C" containerWithKeyObject="507492FA-5880-ACCF-D807-334A2745E804" localFKIndex="B30BB2D9-B202-7805-BBA6-9088696A4E3A" name="fk_anexo_residente">
<sourceDDLFile>vivirmejor.sql</sourceDDLFile>
<createdBy>diego</createdBy>
<createdTime>2025-09-01 15:09:26 UTC</createdTime>
<ownerDesignName>vivirmejor</ownerDesignName>
<importedID>F64F1540-D4FC-C636-9566-EC19C2F79EF7</importedID>
<referredTableLongName>Residente</referredTableLongName>
<deleteRule>CASCADE</deleteRule>
<referredTableID>FBD3C9F1-CAF9-4474-1B46-5BD0ECB9EB9F</referredTableID>
<keyObject>657EF776-6A78-0AAD-5289-C7D9F432A47F</keyObject>
<referredKeyID>657EF776-6A78-0AAD-5289-C7D9F432A47F</referredKeyID>
<mandatory>true</mandatory>
<refColNames>id_residente</refColNames>
<transferable>true</transferable>
<rely>false</rely>
<columnDependencyConstraintGenerateInDDL>true</columnDependencyConstraintGenerateInDDL>
</FKIndexAssociation>