<?xml version = '1.0' encoding = 'UTF-8'?>
<FKIndexAssociation class="oracle.dbtools.crest.model.design.relational.FKIndexAssociation" directorySegmentName="seg_0" id="BB9934C6-869C-DBA1-FBC0-6E60BD4FEC56" containerWithKeyObject="00843313-8D08-015E-654F-3EBDE819D76E" localFKIndex="F583A868-D7E0-DFB8-6AF3-23E1ECF26216" name="fk_habitacion_residencia">
<sourceDDLFile>vivirmejor.sql</sourceDDLFile>
<createdBy>diego</createdBy>
<createdTime>2025-09-01 15:09:26 UTC</createdTime>
<ownerDesignName>vivirmejor</ownerDesignName>
<importedID>024D4614-A9D1-ED82-7C73-EFD311EFE328</importedID>
<referredTableLongName>Residencia</referredTableLongName>
<deleteRule>NO ACTION</deleteRule>
<referredTableID>1DFABB42-14EF-F7BF-CBA0-EE61B1155E79</referredTableID>
<keyObject>C1A31BE4-08AB-74DC-A49D-2845C8D8E869</keyObject>
<referredKeyID>C1A31BE4-08AB-74DC-A49D-2845C8D8E869</referredKeyID>
<mandatory>true</mandatory>
<refColNames>id_residencia</refColNames>
<transferable>true</transferable>
<rely>false</rely>
<columnDependencyConstraintGenerateInDDL>true</columnDependencyConstraintGenerateInDDL>
</FKIndexAssociation>