<?xml version = '1.0' encoding = 'UTF-8'?>
<FKIndexAssociation class="oracle.dbtools.crest.model.design.relational.FKIndexAssociation" directorySegmentName="seg_0" id="D2F17E0F-4D08-8AAD-82A6-102DD2E81A17" containerWithKeyObject="3ECD4838-833C-5F5E-04F8-27F13D588804" localFKIndex="CB266D4D-7526-3656-0EB0-44498833DC2E" name="fk_cuidador_personal">
<sourceDDLFile>vivirmejor.sql</sourceDDLFile>
<createdBy>diego</createdBy>
<createdTime>2025-09-01 15:09:26 UTC</createdTime>
<ownerDesignName>vivirmejor</ownerDesignName>
<importedID>383653C2-573F-D05F-6D97-4C3EB60CE2F3</importedID>
<referredTableLongName>Personal</referredTableLongName>
<deleteRule>CASCADE</deleteRule>
<referredTableID>730D9ED1-3194-A0A4-CE79-2F175BFCDB39</referredTableID>
<keyObject>40B4716D-1FB6-06BF-A5AF-F0D6A0F7CB74</keyObject>
<referredKeyID>40B4716D-1FB6-06BF-A5AF-F0D6A0F7CB74</referredKeyID>
<mandatory>true</mandatory>
<refColNames>id_personal</refColNames>
<transferable>true</transferable>
<rely>false</rely>
<columnDependencyConstraintGenerateInDDL>true</columnDependencyConstraintGenerateInDDL>
</FKIndexAssociation>