<?xml version = '1.0' encoding = 'UTF-8'?>
<FKIndexAssociation class="oracle.dbtools.crest.model.design.relational.FKIndexAssociation" directorySegmentName="seg_0" id="EDA7297C-5132-54C2-6988-FD6442088C38" containerWithKeyObject="730D9ED1-3194-A0A4-CE79-2F175BFCDB39" localFKIndex="9276A349-E0AB-E059-16F9-FA3AE286E9E9" name="fk_personal_residencia">
<sourceDDLFile>vivirmejor.sql</sourceDDLFile>
<createdBy>diego</createdBy>
<createdTime>2025-09-01 15:09:26 UTC</createdTime>
<ownerDesignName>vivirmejor</ownerDesignName>
<importedID>AAC6740C-6605-5067-78C7-C6DB9CE25DC7</importedID>
<referredTableLongName>Residencia</referredTableLongName>
<deleteRule>NO ACTION</deleteRule>
<referredTableID>1DFABB42-14EF-F7BF-CBA0-EE61B1155E79</referredTableID>
<keyObject>C1A31BE4-08AB-74DC-A49D-2845C8D8E869</keyObject>
<referredKeyID>C1A31BE4-08AB-74DC-A49D-2845C8D8E869</referredKeyID>
<mandatory>true</mandatory>
<refColNames>id_residencia</refColNames>
<transferable>true</transferable>
<rely>false</rely>
<columnDependencyConstraintGenerateInDDL>true</columnDependencyConstraintGenerateInDDL>
</FKIndexAssociation>