<?xml version = '1.0' encoding = 'UTF-8'?>
<FKIndexAssociation class="oracle.dbtools.crest.model.design.relational.FKIndexAssociation" directorySegmentName="seg_0" id="F27BCFF5-87AC-370E-47A6-7FBDD587865D" containerWithKeyObject="77D8BB39-2432-04C1-6A33-C7E0E108F046" localFKIndex="3E027098-111A-5976-1933-DF1F457248B2" name="fk_contrato_apoderado">
<sourceDDLFile>vivirmejor.sql</sourceDDLFile>
<createdBy>diego</createdBy>
<createdTime>2025-09-01 15:09:26 UTC</createdTime>
<ownerDesignName>vivirmejor</ownerDesignName>
<importedID>B7CA92ED-AF93-AB2D-19AE-1954F7C3CE10</importedID>
<referredTableLongName>Apoderado</referredTableLongName>
<deleteRule>NO ACTION</deleteRule>
<referredTableID>0D2D3DC4-03B0-2D61-3F4C-9A7A44E7EB35</referredTableID>
<keyObject>BDC08A1A-04ED-7754-F9A6-562BD3537207</keyObject>
<referredKeyID>BDC08A1A-04ED-7754-F9A6-562BD3537207</referredKeyID>
<mandatory>true</mandatory>
<refColNames>id_apoderado</refColNames>
<transferable>true</transferable>
<rely>false</rely>
<columnDependencyConstraintGenerateInDDL>true</columnDependencyConstraintGenerateInDDL>
</FKIndexAssociation>