<?xml version = '1.0' encoding = 'UTF-8'?>
<Diagram class="oracle.dbtools.crest.swingui.logical.DPVLogical" name="Logical" id="1EE80185-D263-350E-6A72-88F5B6B67EED">
<createdBy>diego</createdBy>
<modifiedBy>diego</modifiedBy>
<createdTime>2025-09-01 15:11:22 UTC</createdTime>
<autoRoute>false</autoRoute>
<boxInbox>true</boxInbox>
<showLegend>false</showLegend>
<showLabels>false</showLabels>
<showRelAttributes>false</showRelAttributes>
<gridEnabled>false</gridEnabled>
<showGrid>false</showGrid>
<diagramColor>-1</diagramColor>
<display>false</display>
<notation>2</notation>
<objectViews>
<OView class="oracle.dbtools.crest.swingui.logical.TVEntity" oid="1B508ED8-D58B-77C1-201F-207AE1722F88" otype="Entity" vid="A318153C-FCBE-AC3E-C555-7BE00C3988B8">
<hideElementsInCurrentOnly>false</hideElementsInCurrentOnly>
<bounds x="610" y="857" width="217" height="154"/>
</OView>
<OView class="oracle.dbtools.crest.swingui.logical.TVEntity" oid="24F82EEA-1AB3-57B4-C6E5-D9087B8FE3B2" otype="Entity" vid="5F510AF1-7640-E569-6F08-1FBBA4D9E6DB">
<hideElementsInCurrentOnly>false</hideElementsInCurrentOnly>
<bounds x="610" y="688" width="196" height="109"/>
</OView>
<OView class="oracle.dbtools.crest.swingui.logical.TVEntity" oid="2600DA28-77FF-C38C-0B8A-55A0CE946420" otype="Entity" vid="9885CBD6-A544-97A2-4ACC-649FF6CB9142">
<hideElementsInCurrentOnly>false</hideElementsInCurrentOnly>
<bounds x="470" y="1071" width="199" height="115"/>
</OView>
<OView class="oracle.dbtools.crest.swingui.logical.TVEntity" oid="4584CB1E-8937-F51A-045B-1C1C80C445EC" otype="Entity" vid="227EA218-D558-9102-4BB6-BECB2DD1FA5B">
<hideElementsInCurrentOnly>false</hideElementsInCurrentOnly>
<bounds x="749" y="1071" width="190" height="76"/>
</OView>
<OView class="oracle.dbtools.crest.swingui.logical.TVEntity" oid="53E68890-85C9-2EFD-40DE-C3112F6B4247" otype="Entity" vid="2D1F14DA-1A46-03F7-8617-B1EA54143DE1">
<hideElementsInCurrentOnly>false</hideElementsInCurrentOnly>
<bounds x="1019" y="208" width="217" height="122"/>
</OView>
<OView class="oracle.dbtools.crest.swingui.logical.TVEntity" oid="63CC690B-040C-01BF-C26D-8E8E3C96270B" otype="Entity" vid="DCE26C5C-72FC-4FFD-15F9-BF731FA308A2">
<hideElementsInCurrentOnly>false</hideElementsInCurrentOnly>
<bounds x="609" y="247" width="214" height="180"/>
</OView>
<OView class="oracle.dbtools.crest.swingui.logical.TVEntity" oid="6B7AF2C0-9591-9368-386E-67821CF527B4" otype="Entity" vid="9FB35413-F5C6-1E20-6B03-55B3959F1E37">
<hideElementsInCurrentOnly>false</hideElementsInCurrentOnly>
<bounds x="1019" y="20" width="217" height="128"/>
</OView>
<OView class="oracle.dbtools.crest.swingui.logical.TVEntity" oid="71844D9C-6E98-E338-7AC9-D9E9D38150BB" otype="Entity" vid="CDC80369-9ED1-36A5-F289-676C0E59EDC2">
<hideElementsInCurrentOnly>false</hideElementsInCurrentOnly>
<bounds x="20" y="487" width="220" height="89"/>
</OView>
<OView class="oracle.dbtools.crest.swingui.logical.TVEntity" oid="83D5BD2E-E3C9-679E-C327-62F1E878FF56" otype="Entity" vid="A0E9A6B8-0BD5-C324-3CCE-64CEAF79A52E">
<hideElementsInCurrentOnly>false</hideElementsInCurrentOnly>
<bounds x="610" y="487" width="251" height="141"/>
</OView>
<OView class="oracle.dbtools.crest.swingui.logical.TVEntity" oid="847CACF7-D133-8006-1B39-F83AF53E0AF2" otype="Entity" vid="EEECB4E9-7D32-4316-CAF0-064609A38EA7">
<hideElementsInCurrentOnly>false</hideElementsInCurrentOnly>
<bounds x="320" y="487" width="209" height="89"/>
</OView>
<OView class="oracle.dbtools.crest.swingui.logical.TVEntity" oid="C4FB6516-8EB4-29B9-6BB6-D1522A0ED13A" otype="Entity" vid="5BC57649-551F-8B29-9881-BBD6961B5598">
<hideElementsInCurrentOnly>false</hideElementsInCurrentOnly>
<bounds x="609" y="20" width="292" height="167"/>
</OView>
</objectViews>
<connectors>
<Connector class="oracle.dbtools.crest.swingui.logical.TVRelation" oid="176CC421-4985-986B-CD70-0EA1B4CF72FC" otype="Relation" vid_source="9885CBD6-A544-97A2-4ACC-649FF6CB9142" vid_target="9885CBD6-A544-97A2-4ACC-649FF6CB9142">
<hideElementsInCurrentOnly>false</hideElementsInCurrentOnly>
<backgroundColor>-16777216</backgroundColor>
<lineWidth>1</lineWidth>
<points>
<point x="669" y="1138"/>
<point x="719" y="1138"/>
<point x="719" y="1236"/>
<point x="587" y="1236"/>
<point x="587" y="1186"/>
</points>
</Connector>
<Connector class="oracle.dbtools.crest.swingui.logical.TVRelation" oid="1C98CCCD-BB72-3108-7B3E-15BE7F3BC069" otype="Relation" vid_source="A318153C-FCBE-AC3E-C555-7BE00C3988B8" vid_target="9885CBD6-A544-97A2-4ACC-649FF6CB9142">
<hideElementsInCurrentOnly>false</hideElementsInCurrentOnly>
<backgroundColor>-16777216</backgroundColor>
<lineWidth>1</lineWidth>
<points>
<point x="639" y="1011"/>
<point x="639" y="1071"/>
</points>
</Connector>
<Connector class="oracle.dbtools.crest.swingui.logical.TVRelation" oid="26379288-6CF3-9474-197B-8811091D65F6" otype="Relation" vid_source="5F510AF1-7640-E569-6F08-1FBBA4D9E6DB" vid_target="A0E9A6B8-0BD5-C324-3CCE-64CEAF79A52E">
<hideElementsInCurrentOnly>false</hideElementsInCurrentOnly>
<backgroundColor>-16777216</backgroundColor>
<lineWidth>1</lineWidth>
<points>
<point x="708" y="688"/>
<point x="708" y="628"/>
</points>
</Connector>
<Connector class="oracle.dbtools.crest.swingui.logical.TVRelation" oid="33A14D9B-A4D0-A37E-3237-0CEFB6CBD001" otype="Relation" vid_source="DCE26C5C-72FC-4FFD-15F9-BF731FA308A2" vid_target="EEECB4E9-7D32-4316-CAF0-064609A38EA7">
<hideElementsInCurrentOnly>false</hideElementsInCurrentOnly>
<backgroundColor>-16777216</backgroundColor>
<lineWidth>1</lineWidth>
<points>
<point x="609" y="408"/>
<point x="476" y="487"/>
</points>
</Connector>
<Connector class="oracle.dbtools.crest.swingui.logical.TVRelation" oid="4F6B26D2-2EB3-1E9F-A01E-C1285DAC724D" otype="Relation" vid_source="DCE26C5C-72FC-4FFD-15F9-BF731FA308A2" vid_target="CDC80369-9ED1-36A5-F289-676C0E59EDC2">
<hideElementsInCurrentOnly>false</hideElementsInCurrentOnly>
<backgroundColor>-16777216</backgroundColor>
<lineWidth>1</lineWidth>
<points>
<point x="609" y="372"/>
<point x="225" y="487"/>
</points>
</Connector>
<Connector class="oracle.dbtools.crest.swingui.logical.TVRelation" oid="6A2F8A6A-37DC-85E9-8AC6-C1295AC28FE2" otype="Relation" vid_source="9FB35413-F5C6-1E20-6B03-55B3959F1E37" vid_target="5BC57649-551F-8B29-9881-BBD6961B5598">
<hideElementsInCurrentOnly>false</hideElementsInCurrentOnly>
<backgroundColor>-16777216</backgroundColor>
<lineWidth>1</lineWidth>
<points>
<point x="1019" y="84"/>
<point x="901" y="84"/>
</points>
</Connector>
<Connector class="oracle.dbtools.crest.swingui.logical.TVRelation" oid="9159F9D4-DE49-4B1F-4AFC-212DCA917F65" otype="Relation" vid_source="A0E9A6B8-0BD5-C324-3CCE-64CEAF79A52E" vid_target="DCE26C5C-72FC-4FFD-15F9-BF731FA308A2">
<hideElementsInCurrentOnly>false</hideElementsInCurrentOnly>
<backgroundColor>-16777216</backgroundColor>
<lineWidth>1</lineWidth>
<points>
<point x="716" y="487"/>
<point x="716" y="427"/>
</points>
</Connector>
<Connector class="oracle.dbtools.crest.swingui.logical.TVRelation" oid="B02EA4CF-4794-5EF0-E167-F5B4D543EDBC" otype="Relation" vid_source="5F510AF1-7640-E569-6F08-1FBBA4D9E6DB" vid_target="A318153C-FCBE-AC3E-C555-7BE00C3988B8">
<hideElementsInCurrentOnly>false</hideElementsInCurrentOnly>
<backgroundColor>-16777216</backgroundColor>
<lineWidth>1</lineWidth>
<points>
<point x="708" y="797"/>
<point x="708" y="857"/>
</points>
</Connector>
<Connector class="oracle.dbtools.crest.swingui.logical.TVRelation" oid="C09251B5-BE6F-32B6-154D-2145DF58E207" otype="Relation" vid_source="2D1F14DA-1A46-03F7-8617-B1EA54143DE1" vid_target="9FB35413-F5C6-1E20-6B03-55B3959F1E37">
<hideElementsInCurrentOnly>false</hideElementsInCurrentOnly>
<backgroundColor>-16777216</backgroundColor>
<lineWidth>1</lineWidth>
<points>
<point x="1127" y="208"/>
<point x="1127" y="148"/>
</points>
</Connector>
<Connector class="oracle.dbtools.crest.swingui.logical.TVRelation" oid="C16E033B-D19C-738E-B668-C9295B9828AE" otype="Relation" vid_source="A318153C-FCBE-AC3E-C555-7BE00C3988B8" vid_target="227EA218-D558-9102-4BB6-BECB2DD1FA5B">
<hideElementsInCurrentOnly>false</hideElementsInCurrentOnly>
<backgroundColor>-16777216</backgroundColor>
<lineWidth>1</lineWidth>
<points>
<point x="788" y="1011"/>
<point x="788" y="1071"/>
</points>
</Connector>
<Connector class="oracle.dbtools.crest.swingui.logical.TVRelation" oid="C2F8825D-6F20-0751-8401-9081314ADE36" otype="Relation" vid_source="DCE26C5C-72FC-4FFD-15F9-BF731FA308A2" vid_target="5BC57649-551F-8B29-9881-BBD6961B5598">
<hideElementsInCurrentOnly>false</hideElementsInCurrentOnly>
<backgroundColor>-16777216</backgroundColor>
<lineWidth>1</lineWidth>
<points>
<point x="716" y="247"/>
<point x="716" y="187"/>
</points>
</Connector>
</connectors>
</Diagram>