<?xml version = '1.0' encoding = 'UTF-8'?>
<Diagram class="oracle.dbtools.crest.swingui.logical.DPVLogical" name="Logical" id="89654BC1-B88E-68B8-C394-46BA614D6995">
<createdBy>diego</createdBy>
<modifiedBy>diego</modifiedBy>
<createdTime>2025-08-25 17:19:52 UTC</createdTime>
<autoRoute>false</autoRoute>
<boxInbox>true</boxInbox>
<showLegend>false</showLegend>
<showLabels>false</showLabels>
<showRelAttributes>false</showRelAttributes>
<gridEnabled>false</gridEnabled>
<showGrid>false</showGrid>
<diagramColor>-1</diagramColor>
<display>false</display>
<notation>1</notation>
<objectViews>
<OView class="oracle.dbtools.crest.swingui.logical.TVEntity" oid="01BAE4AE-1FDD-0073-2EE1-74BEFC2356B9" otype="Entity" vid="1AEAB764-6ADB-AA4E-9F55-87F8E7DE5DE9">
<hideElementsInCurrentOnly>false</hideElementsInCurrentOnly>
<bounds x="292" y="468" width="193" height="102"/>
</OView>
<OView class="oracle.dbtools.crest.swingui.logical.TVEntity" oid="13D620E2-EC58-43BC-6A24-446FE3476661" otype="Entity" vid="95F5C7A5-F115-E786-9437-C8074C654CD7">
<hideElementsInCurrentOnly>false</hideElementsInCurrentOnly>
<bounds x="20" y="468" width="192" height="102"/>
</OView>
<OView class="oracle.dbtools.crest.swingui.logical.TVEntity" oid="27783749-EAFC-CCA1-B688-F437A2F38E8B" otype="Entity" vid="EC76A74E-E7CB-7BE0-A7FE-7FF3822F5973">
<hideElementsInCurrentOnly>false</hideElementsInCurrentOnly>
<bounds x="156" y="20" width="210" height="180"/>
</OView>
<OView class="oracle.dbtools.crest.swingui.logical.TVEntity" oid="62999F61-026F-A0EF-D746-86E4085AD346" otype="Entity" vid="FED1531E-D35F-1A53-2A9A-518845CE0862">
<hideElementsInCurrentOnly>false</hideElementsInCurrentOnly>
<bounds x="565" y="260" width="228" height="122"/>
</OView>
<OView class="oracle.dbtools.crest.swingui.logical.TVEntity" oid="7260399E-A799-E9D4-67B5-891A202ECE08" otype="Entity" vid="D2071893-26F7-4911-09F9-9D194849948F">
<hideElementsInCurrentOnly>false</hideElementsInCurrentOnly>
<bounds x="156" y="260" width="228" height="148"/>
</OView>
<OView class="oracle.dbtools.crest.swingui.logical.TVEntity" oid="996FB2BA-A610-C246-0B50-B82ADC76ABE6" otype="Entity" vid="C36AB0F3-CC54-0CCF-877E-8CCCF69F0C3C">
<hideElementsInCurrentOnly>false</hideElementsInCurrentOnly>
<bounds x="873" y="20" width="214" height="154"/>
</OView>
<OView class="oracle.dbtools.crest.swingui.logical.TVEntity" oid="AEA49229-8B2D-573D-111D-EBEC6827EFD2" otype="Entity" vid="AFB0DE62-8160-FBEB-1737-1BE2139455FC">
<hideElementsInCurrentOnly>false</hideElementsInCurrentOnly>
<bounds x="873" y="234" width="180" height="96"/>
</OView>
<OView class="oracle.dbtools.crest.swingui.logical.TVEntity" oid="F7CC4E2E-211E-33D0-47FB-B6A15E0DC6C1" otype="Entity" vid="A7EA6683-B1AF-BD4E-C9B3-ECDBA2E96DCD">
<hideElementsInCurrentOnly>false</hideElementsInCurrentOnly>
<bounds x="565" y="442" width="206" height="128"/>
</OView>
</objectViews>
<connectors>
<Connector class="oracle.dbtools.crest.swingui.logical.TVRelation" oid="2B4C8023-55A6-1D67-5A98-B1B9F2D7AF5F" otype="Relation" vid_source="D2071893-26F7-4911-09F9-9D194849948F" vid_target="EC76A74E-E7CB-7BE0-A7FE-7FF3822F5973">
<hideElementsInCurrentOnly>false</hideElementsInCurrentOnly>
<backgroundColor>-16777216</backgroundColor>
<lineWidth>1</lineWidth>
<points>
<point x="261" y="260"/>
<point x="261" y="200"/>
</points>
</Connector>
<Connector class="oracle.dbtools.crest.swingui.logical.TVRelation" oid="35781F34-16B9-D82D-B48E-97C63A2C0018" otype="Relation" vid_source="C36AB0F3-CC54-0CCF-877E-8CCCF69F0C3C" vid_target="EC76A74E-E7CB-7BE0-A7FE-7FF3822F5973">
<hideElementsInCurrentOnly>false</hideElementsInCurrentOnly>
<backgroundColor>-16777216</backgroundColor>
<lineWidth>1</lineWidth>
<points>
<point x="873" y="97"/>
<point x="366" y="97"/>
</points>
</Connector>
<Connector class="oracle.dbtools.crest.swingui.logical.TVRelation" oid="5E6B365B-A832-D10C-2EE0-31DAD5D42421" otype="Relation" vid_source="FED1531E-D35F-1A53-2A9A-518845CE0862" vid_target="EC76A74E-E7CB-7BE0-A7FE-7FF3822F5973">
<hideElementsInCurrentOnly>false</hideElementsInCurrentOnly>
<backgroundColor>-16777216</backgroundColor>
<lineWidth>1</lineWidth>
<points>
<point x="565" y="263"/>
<point x="366" y="163"/>
</points>
</Connector>
<Connector class="oracle.dbtools.crest.swingui.logical.TVRelation" oid="5E7E32B3-3DC3-EE64-7D6C-4C76C2CF7413" otype="Relation" vid_source="FED1531E-D35F-1A53-2A9A-518845CE0862" vid_target="A7EA6683-B1AF-BD4E-C9B3-ECDBA2E96DCD">
<hideElementsInCurrentOnly>false</hideElementsInCurrentOnly>
<backgroundColor>-16777216</backgroundColor>
<lineWidth>1</lineWidth>
<points>
<point x="668" y="382"/>
<point x="668" y="442"/>
</points>
</Connector>
<Connector class="oracle.dbtools.crest.swingui.logical.TVRelation" oid="6589F1F7-D18E-C744-F2DD-E5A8B17CD768" otype="Relation" vid_source="D2071893-26F7-4911-09F9-9D194849948F" vid_target="95F5C7A5-F115-E786-9437-C8074C654CD7">
<hideElementsInCurrentOnly>false</hideElementsInCurrentOnly>
<backgroundColor>-16777216</backgroundColor>
<lineWidth>1</lineWidth>
<points>
<point x="184" y="408"/>
<point x="184" y="468"/>
</points>
</Connector>
<Connector class="oracle.dbtools.crest.swingui.logical.TVRelation" oid="C73C5E0A-750D-503E-0ADD-F0F6F8AFEEC4" otype="Relation" vid_source="AFB0DE62-8160-FBEB-1737-1BE2139455FC" vid_target="C36AB0F3-CC54-0CCF-877E-8CCCF69F0C3C">
<hideElementsInCurrentOnly>false</hideElementsInCurrentOnly>
<backgroundColor>-16777216</backgroundColor>
<lineWidth>1</lineWidth>
<points>
<point x="963" y="234"/>
<point x="963" y="174"/>
</points>
</Connector>
<Connector class="oracle.dbtools.crest.swingui.logical.TVRelation" oid="D6CB4437-5E0C-01E1-BF25-634936110D6A" otype="Relation" vid_source="D2071893-26F7-4911-09F9-9D194849948F" vid_target="1AEAB764-6ADB-AA4E-9F55-87F8E7DE5DE9">
<hideElementsInCurrentOnly>false</hideElementsInCurrentOnly>
<backgroundColor>-16777216</backgroundColor>
<lineWidth>1</lineWidth>
<points>
<point x="338" y="408"/>
<point x="338" y="468"/>
</points>
</Connector>
</connectors>
</Diagram>
