<?xml version = '1.0' encoding = 'UTF-8'?>
<Diagram class="oracle.dbtools.crest.swingui.logical.DPVLogicalSubView" name="From_RM_Relational_1 - SubView_2" id="AAFC4C65-E737-CF1D-7E35-C6874DCE64E1">
<createdBy>diego</createdBy>
<modifiedBy>diego</modifiedBy>
<createdTime>2025-08-25 18:24:11 UTC</createdTime>
<autoRoute>false</autoRoute>
<boxInbox>true</boxInbox>
<showLegend>false</showLegend>
<showLabels>false</showLabels>
<showRelAttributes>false</showRelAttributes>
<gridEnabled>false</gridEnabled>
<showGrid>false</showGrid>
<diagramColor>-1</diagramColor>
<display>false</display>
<generatorId>538A60D2-3BB2-696A-9A64-4DA4F59C7A0B</generatorId>
<notation>1</notation>
</Diagram>
