<?xml version = '1.0' encoding = 'UTF-8'?>
<Entity class="oracle.dbtools.crest.model.design.logical.Entity" directorySegmentName="seg_0" id="13D620E2-EC58-43BC-6A24-446FE3476661" name="PILOTOv1">
<createdBy>diego</createdBy>
<createdTime>2025-08-25 18:24:11 UTC</createdTime>
<generatorID>481D8242-A965-7557-65E0-B051F46C604B</generatorID>
<ownerDesignName>Base_model</ownerDesignName>
<engineerTo>
<item key="8B018ECF-07AB-AAEC-6587-3CAA14B1E3D8" value="true"/>
</engineerTo>
<adequatelyNormalized>NO</adequatelyNormalized>
<expectedVolumes>0</expectedVolumes>
<fwdEngineeringStrategyName>Single Table</fwdEngineeringStrategyName>
<growthPercent>0</growthPercent>
<growthType>Year</growthType>
<maxVolumes>9999999</maxVolumes>
<minVolumes>0</minVolumes>
<normalForm>Third</normalForm>
<attributes itemClass="oracle.dbtools.crest.model.design.logical.Attribute">
<Attribute name="rut" id="3A2B72F0-88D6-895C-BE47-34759241CE10">
<createdBy>diego</createdBy>
<createdTime>2025-08-25 18:24:11 UTC</createdTime>
<generatorID>6589F1F7-D18E-C744-F2DD-E5A8B17CD768</generatorID>
<ownerDesignName>Base_model</ownerDesignName>
<engineerTo>
<item key="8B018ECF-07AB-AAEC-6587-3CAA14B1E3D8" value="true"/>
</engineerTo>
<referedAttribute>C3C4E395-1C9A-E5A4-3658-E422671F4B82</referedAttribute>
<use>0</use>
<logicalDatatype>LOGDT024</logicalDatatype>
<domain>6F1AE253-E49C-0FBB-5ADD-CFDA9EBC85E7</domain>
<ownDataTypeParameters>,,</ownDataTypeParameters>
</Attribute>
<Attribute name="horas vuelo" id="498407CC-572E-A677-A2DE-738C62E3C1FA">
<createdBy>diego</createdBy>
<createdTime>2025-08-25 18:24:11 UTC</createdTime>
<generatorID>94952D3A-EFF6-8A58-9C89-6F3A9C321A09</generatorID>
<ownerDesignName>Base_model</ownerDesignName>
<engineerTo>
<item key="8B018ECF-07AB-AAEC-6587-3CAA14B1E3D8" value="true"/>
</engineerTo>
<use>0</use>
<logicalDatatype>LOGDT019</logicalDatatype>
<domain>B48B081E-2E96-BA9F-1A5D-6828E8B5AB14</domain>
<ownDataTypeParameters>,,</ownDataTypeParameters>
</Attribute>
<Attribute name="afp" id="26401F48-C1D8-70F6-1CF7-C08C5043D334">
<createdBy>diego</createdBy>
<createdTime>2025-08-25 18:24:11 UTC</createdTime>
<generatorID>FE2A50E3-18C6-A2ED-39D1-E1A4F9427433</generatorID>
<ownerDesignName>Base_model</ownerDesignName>
<engineerTo>
<item key="8B018ECF-07AB-AAEC-6587-3CAA14B1E3D8" value="true"/>
</engineerTo>
<use>0</use>
<logicalDatatype>LOGDT024</logicalDatatype>
<domain>2EF08982-6BB9-7567-3921-5F5E5E79A84A</domain>
<ownDataTypeParameters>,,</ownDataTypeParameters>
</Attribute>
</attributes>
<identifiers itemClass="oracle.dbtools.crest.model.design.logical.CandidateKey">
<identifier id="6D77F519-1FCD-383E-A597-8BAB180CA0E3" name="PILOTO PK">
<createdBy>diego</createdBy>
<createdTime>2025-08-25 18:24:11 UTC</createdTime>
<generatorID>1B16E4EE-BCB6-93ED-E15B-806B2FB3C53E</generatorID>
<ownerDesignName>Base_model</ownerDesignName>
<engineerTo>
<item key="8B018ECF-07AB-AAEC-6587-3CAA14B1E3D8" value="true"/>
</engineerTo>
<pk>true</pk>
<usedAttributes>
<attributeRef>3A2B72F0-88D6-895C-BE47-34759241CE10</attributeRef>
</usedAttributes>
</identifier>
</identifiers>
</Entity>
