<?xml version = '1.0' encoding = 'UTF-8'?>
<Entity class="oracle.dbtools.crest.model.design.logical.Entity" directorySegmentName="seg_0" id="27783749-EAFC-CCA1-B688-F437A2F38E8B" name="RESERVA">
<createdBy>diego</createdBy>
<createdTime>2025-08-25 18:24:11 UTC</createdTime>
<generatorID>F7358DD0-AB6D-786F-B933-B1A154D256B4</generatorID>
<ownerDesignName>Base_model</ownerDesignName>
<engineerTo>
<item key="8B018ECF-07AB-AAEC-6587-3CAA14B1E3D8" value="true"/>
</engineerTo>
<adequatelyNormalized>NO</adequatelyNormalized>
<expectedVolumes>0</expectedVolumes>
<fwdEngineeringStrategyName>Single Table</fwdEngineeringStrategyName>
<growthPercent>0</growthPercent>
<growthType>Year</growthType>
<maxVolumes>9999999</maxVolumes>
<minVolumes>0</minVolumes>
<normalForm>Third</normalForm>
<attributes itemClass="oracle.dbtools.crest.model.design.logical.Attribute">
<Attribute name="numero reserva" id="218F5453-B192-4D69-48BD-FEE4F5CCA51C">
<createdBy>diego</createdBy>
<createdTime>2025-08-25 18:24:11 UTC</createdTime>
<generatorID>64C0D51F-4AFB-94DC-C104-8761AF9D0408</generatorID>
<ownerDesignName>Base_model</ownerDesignName>
<engineerTo>
<item key="8B018ECF-07AB-AAEC-6587-3CAA14B1E3D8" value="true"/>
</engineerTo>
<use>0</use>
<logicalDatatype>LOGDT024</logicalDatatype>
<domain>006F413F-2033-1C75-6B79-101DACC28A65</domain>
<ownDataTypeParameters>,,</ownDataTypeParameters>
</Attribute>
<Attribute name="fecha reserva" id="D5F27CA5-4570-6738-1F9B-AB0820D7C9FC">
<createdBy>diego</createdBy>
<createdTime>2025-08-25 18:24:11 UTC</createdTime>
<generatorID>1D4AEB3A-4702-4B0F-BE1B-D9D1C452A51E</generatorID>
<ownerDesignName>Base_model</ownerDesignName>
<engineerTo>
<item key="8B018ECF-07AB-AAEC-6587-3CAA14B1E3D8" value="true"/>
</engineerTo>
<use>0</use>
<logicalDatatype>LOGDT007</logicalDatatype>
<domain>DA61C97D-6C22-AFFC-A3E6-5D88A82FCFAF</domain>
<ownDataTypeParameters>,,</ownDataTypeParameters>
</Attribute>
<Attribute name="fecha viaje" id="188A3777-FE03-A4B6-FB87-077AB33CDD0F">
<createdBy>diego</createdBy>
<createdTime>2025-08-25 18:24:11 UTC</createdTime>
<generatorID>15673CAD-F6F4-BAD7-1F3C-925D3BFA363B</generatorID>
<ownerDesignName>Base_model</ownerDesignName>
<engineerTo>
<item key="8B018ECF-07AB-AAEC-6587-3CAA14B1E3D8" value="true"/>
</engineerTo>
<use>0</use>
<logicalDatatype>LOGDT007</logicalDatatype>
<domain>DA61C97D-6C22-AFFC-A3E6-5D88A82FCFAF</domain>
<ownDataTypeParameters>,,</ownDataTypeParameters>
</Attribute>
<Attribute name="estado" id="3F55A3F2-61D7-A2DF-48DD-E55044E078CB">
<createdBy>diego</createdBy>
<createdTime>2025-08-25 18:24:11 UTC</createdTime>
<generatorID>D0C1528F-AB65-9144-57AC-4DD0BDD8CC29</generatorID>
<ownerDesignName>Base_model</ownerDesignName>
<engineerTo>
<item key="8B018ECF-07AB-AAEC-6587-3CAA14B1E3D8" value="true"/>
</engineerTo>
<useDomainConstraints>false</useDomainConstraints>
<use>0</use>
<logicalDatatype>LOGDT025</logicalDatatype>
<domain>B1FF061E-B218-1AFB-7CB2-4D9929480166</domain>
<listOfValues>
<valueDef value="C" description=""/>
<valueDef value="N" description=""/>
</listOfValues>
<ownDataTypeParameters>,,</ownDataTypeParameters>
</Attribute>
<Attribute name="numero vuelo" id="77E5E39C-6D87-B78C-852C-740ED7A041E9">
<createdBy>diego</createdBy>
<createdTime>2025-08-25 18:24:11 UTC</createdTime>
<generatorID>35781F34-16B9-D82D-B48E-97C63A2C0018</generatorID>
<ownerDesignName>Base_model</ownerDesignName>
<engineerTo>
<item key="8B018ECF-07AB-AAEC-6587-3CAA14B1E3D8" value="true"/>
</engineerTo>
<referedAttribute>F88DC2BF-A1C4-1017-5646-08080DB3E8CE</referedAttribute>
<use>0</use>
<logicalDatatype>LOGDT024</logicalDatatype>
<domain>B1C06701-CAF3-016F-D579-F50CFE086925</domain>
<ownDataTypeParameters>,,</ownDataTypeParameters>
</Attribute>
<Attribute name="pasaporte ci" id="1C569FD4-6A42-7EF6-1F5C-B4CF5AA5A1F5">
<createdBy>diego</createdBy>
<createdTime>2025-08-25 18:24:11 UTC</createdTime>
<generatorID>5E6B365B-A832-D10C-2EE0-31DAD5D42421</generatorID>
<ownerDesignName>Base_model</ownerDesignName>
<engineerTo>
<item key="8B018ECF-07AB-AAEC-6587-3CAA14B1E3D8" value="true"/>
</engineerTo>
<referedAttribute>B79D2839-FD2E-6C15-987B-4645FB4E7752</referedAttribute>
<use>0</use>
<logicalDatatype>LOGDT024</logicalDatatype>
<domain>006F413F-2033-1C75-6B79-101DACC28A65</domain>
<ownDataTypeParameters>,,</ownDataTypeParameters>
</Attribute>
<Attribute name="rut empleado" id="A564CF68-D92A-BB4F-A2F7-2D8DD823FFCB">
<createdBy>diego</createdBy>
<createdTime>2025-08-25 18:24:11 UTC</createdTime>
<generatorID>2B4C8023-55A6-1D67-5A98-B1B9F2D7AF5F</generatorID>
<ownerDesignName>Base_model</ownerDesignName>
<engineerTo>
<item key="8B018ECF-07AB-AAEC-6587-3CAA14B1E3D8" value="true"/>
</engineerTo>
<referedAttribute>C3C4E395-1C9A-E5A4-3658-E422671F4B82</referedAttribute>
<use>0</use>
<logicalDatatype>LOGDT024</logicalDatatype>
<domain>6F1AE253-E49C-0FBB-5ADD-CFDA9EBC85E7</domain>
<ownDataTypeParameters>,,</ownDataTypeParameters>
</Attribute>
</attributes>
<identifiers itemClass="oracle.dbtools.crest.model.design.logical.CandidateKey">
<identifier id="FF0EC280-0B24-A020-310E-762B80C973F4" name="RESERVA PK">
<createdBy>diego</createdBy>
<createdTime>2025-08-25 18:24:11 UTC</createdTime>
<generatorID>187B71BF-ECD9-975E-B14C-8506B834571D</generatorID>
<ownerDesignName>Base_model</ownerDesignName>
<engineerTo>
<item key="8B018ECF-07AB-AAEC-6587-3CAA14B1E3D8" value="true"/>
</engineerTo>
<pk>true</pk>
<usedAttributes>
<attributeRef>218F5453-B192-4D69-48BD-FEE4F5CCA51C</attributeRef>
</usedAttributes>
</identifier>
</identifiers>
</Entity>
