<?xml version = '1.0' encoding = 'UTF-8'?>
<Entity class="oracle.dbtools.crest.model.design.logical.Entity" directorySegmentName="seg_0" id="7260399E-A799-E9D4-67B5-891A202ECE08" name="EMPLEADOv1">
<createdBy>diego</createdBy>
<createdTime>2025-08-25 18:24:11 UTC</createdTime>
<generatorID>D9D03637-C60B-185E-C9CA-6D1073A27BDF</generatorID>
<ownerDesignName>Base_model</ownerDesignName>
<engineerTo>
<item key="8B018ECF-07AB-AAEC-6587-3CAA14B1E3D8" value="true"/>
</engineerTo>
<adequatelyNormalized>NO</adequatelyNormalized>
<expectedVolumes>0</expectedVolumes>
<fwdEngineeringStrategyName>Single Table</fwdEngineeringStrategyName>
<growthPercent>0</growthPercent>
<growthType>Year</growthType>
<maxVolumes>9999999</maxVolumes>
<minVolumes>0</minVolumes>
<normalForm>Third</normalForm>
<attributes itemClass="oracle.dbtools.crest.model.design.logical.Attribute">
<Attribute name="rut" id="C3C4E395-1C9A-E5A4-3658-E422671F4B82">
<createdBy>diego</createdBy>
<createdTime>2025-08-25 18:24:11 UTC</createdTime>
<generatorID>B799D8ED-C8AF-89C4-A789-4642CACA8E1B</generatorID>
<ownerDesignName>Base_model</ownerDesignName>
<engineerTo>
<item key="8B018ECF-07AB-AAEC-6587-3CAA14B1E3D8" value="true"/>
</engineerTo>
<use>0</use>
<logicalDatatype>LOGDT024</logicalDatatype>
<domain>6F1AE253-E49C-0FBB-5ADD-CFDA9EBC85E7</domain>
<ownDataTypeParameters>,,</ownDataTypeParameters>
</Attribute>
<Attribute name="nombre completo" id="02F4A5C7-667E-7F1F-63E7-5762CCEC2E27">
<createdBy>diego</createdBy>
<createdTime>2025-08-25 18:24:11 UTC</createdTime>
<generatorID>42C8D2DB-C8B5-D1F0-7E35-3935ED726B40</generatorID>
<ownerDesignName>Base_model</ownerDesignName>
<engineerTo>
<item key="8B018ECF-07AB-AAEC-6587-3CAA14B1E3D8" value="true"/>
</engineerTo>
<use>0</use>
<logicalDatatype>LOGDT024</logicalDatatype>
<domain>18CFE7DE-6D78-4C5E-775E-572FB0E51BDF</domain>
<ownDataTypeParameters>,,</ownDataTypeParameters>
</Attribute>
<Attribute name="direccion" id="9D1F8510-8D84-747D-F226-6C99860F9F4A">
<createdBy>diego</createdBy>
<createdTime>2025-08-25 18:24:11 UTC</createdTime>
<generatorID>21B8EE53-4B6F-10AC-97BA-53AD4BE3C33E</generatorID>
<ownerDesignName>Base_model</ownerDesignName>
<engineerTo>
<item key="8B018ECF-07AB-AAEC-6587-3CAA14B1E3D8" value="true"/>
</engineerTo>
<use>0</use>
<logicalDatatype>LOGDT024</logicalDatatype>
<domain>9459105B-C4D3-8353-E461-08BB971DD278</domain>
<ownDataTypeParameters>,,</ownDataTypeParameters>
</Attribute>
<Attribute name="sueldo base" id="3EADC1C0-A11E-0607-CC9D-AB59528B9B3D">
<createdBy>diego</createdBy>
<createdTime>2025-08-25 18:24:11 UTC</createdTime>
<generatorID>D8342E4D-F02C-C166-8C7C-995876BBEE4B</generatorID>
<ownerDesignName>Base_model</ownerDesignName>
<engineerTo>
<item key="8B018ECF-07AB-AAEC-6587-3CAA14B1E3D8" value="true"/>
</engineerTo>
<use>0</use>
<logicalDatatype>LOGDT019</logicalDatatype>
<domain>D5B7374C-CB2E-C24F-DF65-CA3AE0A85B83</domain>
<ownDataTypeParameters>,,</ownDataTypeParameters>
</Attribute>
<Attribute name="fecha ingreso" id="9844EA0C-2517-9273-8811-47DC3CC5EE21">
<createdBy>diego</createdBy>
<createdTime>2025-08-25 18:24:11 UTC</createdTime>
<generatorID>A4EDB642-3A90-8060-E78C-990822099D3F</generatorID>
<ownerDesignName>Base_model</ownerDesignName>
<engineerTo>
<item key="8B018ECF-07AB-AAEC-6587-3CAA14B1E3D8" value="true"/>
</engineerTo>
<use>0</use>
<logicalDatatype>LOGDT007</logicalDatatype>
<domain>DA61C97D-6C22-AFFC-A3E6-5D88A82FCFAF</domain>
<ownDataTypeParameters>,,</ownDataTypeParameters>
</Attribute>
<Attribute name="genero" id="A4A70DCC-C99B-DE6C-22D5-C5605C821B24">
<createdBy>diego</createdBy>
<createdTime>2025-08-25 18:24:11 UTC</createdTime>
<generatorID>6B381649-451E-C093-C254-170ADEAE0EBD</generatorID>
<ownerDesignName>Base_model</ownerDesignName>
<engineerTo>
<item key="8B018ECF-07AB-AAEC-6587-3CAA14B1E3D8" value="true"/>
</engineerTo>
<useDomainConstraints>false</useDomainConstraints>
<use>0</use>
<logicalDatatype>LOGDT025</logicalDatatype>
<domain>B1FF061E-B218-1AFB-7CB2-4D9929480166</domain>
<listOfValues>
<valueDef value="F" description=""/>
<valueDef value="M" description=""/>
<valueDef value="O" description=""/>
</listOfValues>
<ownDataTypeParameters>,,</ownDataTypeParameters>
</Attribute>
<Attribute name="telefono movil" id="3DBCE77A-BBE3-D210-A13D-6EC6E4CBFFFD">
<createdBy>diego</createdBy>
<createdTime>2025-08-25 18:24:11 UTC</createdTime>
<generatorID>0D3E1A87-94A2-1BB3-D692-41FE7E0ED5B8</generatorID>
<ownerDesignName>Base_model</ownerDesignName>
<engineerTo>
<item key="8B018ECF-07AB-AAEC-6587-3CAA14B1E3D8" value="true"/>
</engineerTo>
<use>0</use>
<logicalDatatype>LOGDT024</logicalDatatype>
<domain>006F413F-2033-1C75-6B79-101DACC28A65</domain>
<ownDataTypeParameters>,,</ownDataTypeParameters>
</Attribute>
<Attribute name="telefono contacto" id="D2181ECC-BA60-301C-660A-7BEC58208D2F">
<createdBy>diego</createdBy>
<createdTime>2025-08-25 18:24:11 UTC</createdTime>
<generatorID>B87A61B8-B4E6-5800-6C8A-9EE1BA0EB0DA</generatorID>
<ownerDesignName>Base_model</ownerDesignName>
<engineerTo>
<item key="8B018ECF-07AB-AAEC-6587-3CAA14B1E3D8" value="true"/>
</engineerTo>
<nullsAllowed>true</nullsAllowed>
<use>0</use>
<logicalDatatype>LOGDT024</logicalDatatype>
<domain>006F413F-2033-1C75-6B79-101DACC28A65</domain>
<ownDataTypeParameters>,,</ownDataTypeParameters>
</Attribute>
</attributes>
<identifiers itemClass="oracle.dbtools.crest.model.design.logical.CandidateKey">
<identifier id="6707AF61-7BE7-A46D-44FD-28660F8AC847" name="EMPLEADO PK">
<createdBy>diego</createdBy>
<createdTime>2025-08-25 18:24:11 UTC</createdTime>
<generatorID>F7497321-95C0-52BF-FB67-A360AFEABA8B</generatorID>
<ownerDesignName>Base_model</ownerDesignName>
<engineerTo>
<item key="8B018ECF-07AB-AAEC-6587-3CAA14B1E3D8" value="true"/>
</engineerTo>
<pk>true</pk>
<usedAttributes>
<attributeRef>C3C4E395-1C9A-E5A4-3658-E422671F4B82</attributeRef>
</usedAttributes>
</identifier>
</identifiers>
</Entity>
