<?xml version = '1.0' encoding = 'UTF-8'?>
<Entity class="oracle.dbtools.crest.model.design.logical.Entity" directorySegmentName="seg_0" id="AEA49229-8B2D-573D-111D-EBEC6827EFD2" name="AVION">
<createdBy>diego</createdBy>
<createdTime>2025-08-25 18:24:11 UTC</createdTime>
<generatorID>AE409193-F322-6EA4-F978-61EF9823262B</generatorID>
<ownerDesignName>Base_model</ownerDesignName>
<engineerTo>
<item key="8B018ECF-07AB-AAEC-6587-3CAA14B1E3D8" value="true"/>
</engineerTo>
<adequatelyNormalized>NO</adequatelyNormalized>
<expectedVolumes>0</expectedVolumes>
<fwdEngineeringStrategyName>Single Table</fwdEngineeringStrategyName>
<growthPercent>0</growthPercent>
<growthType>Year</growthType>
<maxVolumes>9999999</maxVolumes>
<minVolumes>0</minVolumes>
<normalForm>Third</normalForm>
<attributes itemClass="oracle.dbtools.crest.model.design.logical.Attribute">
<Attribute name="matricula" id="D7091280-8983-7A81-7B78-C1F7D7C18032">
<createdBy>diego</createdBy>
<createdTime>2025-08-25 18:24:11 UTC</createdTime>
<generatorID>7590431A-BA14-FDCA-2DC6-05AD9FA2387F</generatorID>
<ownerDesignName>Base_model</ownerDesignName>
<engineerTo>
<item key="8B018ECF-07AB-AAEC-6587-3CAA14B1E3D8" value="true"/>
</engineerTo>
<use>0</use>
<logicalDatatype>LOGDT019</logicalDatatype>
<domain>4154AD36-B871-EB35-6B72-F91E7D18B0F4</domain>
<ownDataTypeParameters>,,</ownDataTypeParameters>
</Attribute>
<Attribute name="marca" id="29064944-18D7-9AA0-4ACF-4C8A94A23D5C">
<createdBy>diego</createdBy>
<createdTime>2025-08-25 18:24:11 UTC</createdTime>
<generatorID>7DF92A88-0228-308C-C815-5D4E309A6790</generatorID>
<ownerDesignName>Base_model</ownerDesignName>
<engineerTo>
<item key="8B018ECF-07AB-AAEC-6587-3CAA14B1E3D8" value="true"/>
</engineerTo>
<use>0</use>
<logicalDatatype>LOGDT024</logicalDatatype>
<domain>2EF08982-6BB9-7567-3921-5F5E5E79A84A</domain>
<ownDataTypeParameters>,,</ownDataTypeParameters>
</Attribute>
<Attribute name="modelo" id="37222C4C-A729-B130-50C7-2D6243953C03">
<createdBy>diego</createdBy>
<createdTime>2025-08-25 18:24:11 UTC</createdTime>
<generatorID>74544672-8A0A-75C0-8B4B-BF4CE2B3BBB6</generatorID>
<ownerDesignName>Base_model</ownerDesignName>
<engineerTo>
<item key="8B018ECF-07AB-AAEC-6587-3CAA14B1E3D8" value="true"/>
</engineerTo>
<use>0</use>
<logicalDatatype>LOGDT024</logicalDatatype>
<domain>2EF08982-6BB9-7567-3921-5F5E5E79A84A</domain>
<ownDataTypeParameters>,,</ownDataTypeParameters>
</Attribute>
<Attribute name="capacidad" id="364419C0-D3F3-8C40-8F48-5C25CA4C7F19">
<createdBy>diego</createdBy>
<createdTime>2025-08-25 18:24:11 UTC</createdTime>
<generatorID>74F68255-9EA8-E456-C7B4-71BE13A0CC91</generatorID>
<ownerDesignName>Base_model</ownerDesignName>
<engineerTo>
<item key="8B018ECF-07AB-AAEC-6587-3CAA14B1E3D8" value="true"/>
</engineerTo>
<useDomainConstraints>false</useDomainConstraints>
<use>0</use>
<logicalDatatype>LOGDT019</logicalDatatype>
<domain>850E4B75-DBAF-14EE-7D4F-8049236BF947</domain>
<ownDataTypeParameters>,,</ownDataTypeParameters>
<listOfRanges>
<rangeDef class="oracle.dbtools.crest.model.design.constraint.AVT">
<beginValue>200</beginValue>
<endValue>800</endValue>
</rangeDef>
</listOfRanges>
</Attribute>
</attributes>
<identifiers itemClass="oracle.dbtools.crest.model.design.logical.CandidateKey">
<identifier id="4D26AD42-7AB7-7812-7EDB-44F28C6B3E50" name="AVION PK">
<createdBy>diego</createdBy>
<createdTime>2025-08-25 18:24:11 UTC</createdTime>
<generatorID>0D739CED-4CDE-1941-1BFA-D0F9E3CBF281</generatorID>
<ownerDesignName>Base_model</ownerDesignName>
<engineerTo>
<item key="8B018ECF-07AB-AAEC-6587-3CAA14B1E3D8" value="true"/>
</engineerTo>
<pk>true</pk>
<usedAttributes>
<attributeRef>D7091280-8983-7A81-7B78-C1F7D7C18032</attributeRef>
</usedAttributes>
</identifier>
</identifiers>
</Entity>
