<?xml version = '1.0' encoding = 'UTF-8'?>
<Relation class="oracle.dbtools.crest.model.design.logical.Relation" name="fk_empleado_sistema_salud" directorySegmentName="seg_0" id="0553FA45-A4A8-BAB0-DEB0-319810E51B93">
<createdBy>diego</createdBy>
<createdTime>2025-10-13 02:08:14 UTC</createdTime>
<generatorID>48F2297A-53D6-996C-3411-849844BE70BF</generatorID>
<ownerDesignName>s9</ownerDesignName>
<engineerTo>
<item key="4805BEB8-5886-089F-35F9-DD68C9534DE8" value="true"/>
</engineerTo>
<sourcePk>5CF5524B-CA8B-0E21-9DE3-CCBE1CA5C4BC</sourcePk>
<identifying>false</identifying>
<optionalSource>true</optionalSource>
<optionalTarget>false</optionalTarget>
<sourceCardinality>1</sourceCardinality>
<sourceEntity>A69131A2-007F-0B8F-1F78-5B52F830B056</sourceEntity>
<targetCardinalityString>*</targetCardinalityString>
<targetEntity>372266C9-F000-AE8B-39A4-37D834595F06</targetEntity>
<transferable>true</transferable>
<deleteRule>NO ACTION</deleteRule>
</Relation>