<?xml version = '1.0' encoding = 'UTF-8'?>
<Relation class="oracle.dbtools.crest.model.design.logical.Relation" name="fk_asignacion_empleado" directorySegmentName="seg_0" id="38D08251-B510-04C1-54FD-A9D89086DEEA">
<createdBy>diego</createdBy>
<createdTime>2025-10-13 02:08:14 UTC</createdTime>
<generatorID>9E428361-D247-853E-2BD1-B7DC7C110504</generatorID>
<ownerDesignName>s9</ownerDesignName>
<engineerTo>
<item key="4805BEB8-5886-089F-35F9-DD68C9534DE8" value="true"/>
</engineerTo>
<sourcePk>5B78CFD4-5059-AA5B-8EA9-7B64556448A7</sourcePk>
<identifying>false</identifying>
<optionalSource>true</optionalSource>
<optionalTarget>false</optionalTarget>
<sourceCardinality>1</sourceCardinality>
<sourceEntity>372266C9-F000-AE8B-39A4-37D834595F06</sourceEntity>
<targetCardinalityString>*</targetCardinalityString>
<targetEntity>6841DED0-A6B5-FD08-39D6-8104DD418A3C</targetEntity>
<transferable>true</transferable>
<deleteRule>NO ACTION</deleteRule>
</Relation>