<?xml version = '1.0' encoding = 'UTF-8'?>
<Relation class="oracle.dbtools.crest.model.design.logical.Relation" name="fk_maquina_tipo" directorySegmentName="seg_0" id="3DAC71BF-C0EA-1F3F-2857-8785594A9EF1">
<createdBy>diego</createdBy>
<createdTime>2025-10-13 02:08:14 UTC</createdTime>
<generatorID>C9D8BB83-4F5A-B2AB-5169-D152342DAC9C</generatorID>
<ownerDesignName>s9</ownerDesignName>
<engineerTo>
<item key="4805BEB8-5886-089F-35F9-DD68C9534DE8" value="true"/>
</engineerTo>
<sourcePk>32EF390D-F6C2-46E2-D60D-086A60FB5BB5</sourcePk>
<identifying>false</identifying>
<optionalSource>true</optionalSource>
<optionalTarget>false</optionalTarget>
<sourceCardinality>1</sourceCardinality>
<sourceEntity>83F411B4-AAA2-81B9-377C-8D90A60BCCA4</sourceEntity>
<targetCardinalityString>*</targetCardinalityString>
<targetEntity>FCF8C6F7-594D-9FAD-522D-5308461F7EA2</targetEntity>
<transferable>true</transferable>
<deleteRule>NO ACTION</deleteRule>
</Relation>