<?xml version = '1.0' encoding = 'UTF-8'?>
<Relation class="oracle.dbtools.crest.model.design.logical.Relation" name="fk_asignacion_turno" directorySegmentName="seg_0" id="4CF8C215-6918-CEC5-6214-B9CEBA6A0C31">
<createdBy>diego</createdBy>
<createdTime>2025-10-13 02:08:14 UTC</createdTime>
<generatorID>24E1EAAE-F517-C717-F604-88ED3E8EE0A3</generatorID>
<ownerDesignName>s9</ownerDesignName>
<engineerTo>
<item key="4805BEB8-5886-089F-35F9-DD68C9534DE8" value="true"/>
</engineerTo>
<sourcePk>E700D9D6-002E-FCA8-18A9-09283EEBC98B</sourcePk>
<identifying>false</identifying>
<optionalSource>true</optionalSource>
<optionalTarget>false</optionalTarget>
<sourceCardinality>1</sourceCardinality>
<sourceEntity>B1DA64CE-B00D-0AC3-A809-9D7276E74DA5</sourceEntity>
<targetCardinalityString>*</targetCardinalityString>
<targetEntity>6841DED0-A6B5-FD08-39D6-8104DD418A3C</targetEntity>
<transferable>true</transferable>
<deleteRule>NO ACTION</deleteRule>
</Relation>