<?xml version = '1.0' encoding = 'UTF-8'?>
<Relation class="oracle.dbtools.crest.model.design.logical.Relation" name="fk_asignacion_maquina" directorySegmentName="seg_0" id="55842470-1348-B10A-E17C-FA102DA4E3F2">
<createdBy>diego</createdBy>
<createdTime>2025-10-13 02:08:14 UTC</createdTime>
<generatorID>C6AF1395-C6BC-CDBE-C0C6-AADB7D89A9A0</generatorID>
<ownerDesignName>s9</ownerDesignName>
<engineerTo>
<item key="4805BEB8-5886-089F-35F9-DD68C9534DE8" value="true"/>
</engineerTo>
<sourcePk>3E8024D0-9003-9A6A-CF4D-696A82FBBA7D</sourcePk>
<identifying>false</identifying>
<optionalSource>true</optionalSource>
<optionalTarget>false</optionalTarget>
<sourceCardinality>1</sourceCardinality>
<sourceEntity>FCF8C6F7-594D-9FAD-522D-5308461F7EA2</sourceEntity>
<targetCardinalityString>*</targetCardinalityString>
<targetEntity>6841DED0-A6B5-FD08-39D6-8104DD418A3C</targetEntity>
<transferable>true</transferable>
<deleteRule>NO ACTION</deleteRule>
</Relation>