<?xml version = '1.0' encoding = 'UTF-8'?>
<Relation class="oracle.dbtools.crest.model.design.logical.Relation" name="fk_comuna_region" directorySegmentName="seg_0" id="6062BF37-15E6-07FE-5A17-2977689F21BA">
<createdBy>diego</createdBy>
<createdTime>2025-10-13 02:08:14 UTC</createdTime>
<generatorID>B4B07C44-93D1-E312-E214-B416AE5B81E8</generatorID>
<ownerDesignName>s9</ownerDesignName>
<engineerTo>
<item key="4805BEB8-5886-089F-35F9-DD68C9534DE8" value="true"/>
</engineerTo>
<sourcePk>F75E7E87-66A9-E8BC-D922-55681947AC97</sourcePk>
<identifying>false</identifying>
<optionalSource>true</optionalSource>
<optionalTarget>false</optionalTarget>
<sourceCardinality>1</sourceCardinality>
<sourceEntity>A690D23E-F169-897B-AA2E-13EF47AB7734</sourceEntity>
<targetCardinalityString>*</targetCardinalityString>
<targetEntity>BF6EBBAC-B624-E8F4-36F3-59352E8E7DC4</targetEntity>
<transferable>true</transferable>
<deleteRule>NO ACTION</deleteRule>
</Relation>