<?xml version = '1.0' encoding = 'UTF-8'?>
<Relation class="oracle.dbtools.crest.model.design.logical.Relation" name="fk_planta_comuna" directorySegmentName="seg_0" id="662A1114-6075-1378-418A-1B51B020A1AF">
<createdBy>diego</createdBy>
<createdTime>2025-10-13 02:08:14 UTC</createdTime>
<generatorID>D75CF1D3-1D00-14B8-AF77-B65BE4C8E81C</generatorID>
<ownerDesignName>s9</ownerDesignName>
<engineerTo>
<item key="4805BEB8-5886-089F-35F9-DD68C9534DE8" value="true"/>
</engineerTo>
<sourcePk>8130EFC1-5765-F85F-AB4F-37420AFA7E3D</sourcePk>
<identifying>false</identifying>
<optionalSource>true</optionalSource>
<optionalTarget>false</optionalTarget>
<sourceCardinality>1</sourceCardinality>
<sourceEntity>BF6EBBAC-B624-E8F4-36F3-59352E8E7DC4</sourceEntity>
<targetCardinalityString>*</targetCardinalityString>
<targetEntity>592DD751-40F4-FEDE-3FC3-E92033EA73DF</targetEntity>
<transferable>true</transferable>
<deleteRule>NO ACTION</deleteRule>
</Relation>