<?xml version = '1.0' encoding = 'UTF-8'?>
<Relation class="oracle.dbtools.crest.model.design.logical.Relation" name="fk_orden_tecnico" directorySegmentName="seg_0" id="88DE417C-0F4E-9E00-AEFE-D739A0B191AB">
<createdBy>diego</createdBy>
<createdTime>2025-10-13 02:08:14 UTC</createdTime>
<generatorID>CFE14E2D-4574-B5E9-1216-5A66A0B07400</generatorID>
<ownerDesignName>s9</ownerDesignName>
<engineerTo>
<item key="4805BEB8-5886-089F-35F9-DD68C9534DE8" value="true"/>
</engineerTo>
<sourcePk>5B78CFD4-5059-AA5B-8EA9-7B64556448A7</sourcePk>
<identifying>false</identifying>
<optionalSource>true</optionalSource>
<optionalTarget>false</optionalTarget>
<sourceCardinality>1</sourceCardinality>
<sourceEntity>372266C9-F000-AE8B-39A4-37D834595F06</sourceEntity>
<targetCardinalityString>*</targetCardinalityString>
<targetEntity>35E4349B-C5D6-8C31-F213-1D12B088924E</targetEntity>
<transferable>true</transferable>
<deleteRule>NO ACTION</deleteRule>
</Relation>