<?xml version = '1.0' encoding = 'UTF-8'?>
<Relation class="oracle.dbtools.crest.model.design.logical.Relation" name="fk_maquina_planta" directorySegmentName="seg_0" id="904036E3-8291-2D39-84C1-B6F4115E017F">
<createdBy>diego</createdBy>
<createdTime>2025-10-13 02:08:14 UTC</createdTime>
<generatorID>1BA709A8-31C1-FDD2-F3F9-C1EF0CD49070</generatorID>
<ownerDesignName>s9</ownerDesignName>
<engineerTo>
<item key="4805BEB8-5886-089F-35F9-DD68C9534DE8" value="true"/>
</engineerTo>
<sourcePk>9DFAC39A-3148-3494-ABAE-DE4F16D7D614</sourcePk>
<identifying>true</identifying>
<optionalSource>true</optionalSource>
<optionalTarget>false</optionalTarget>
<sourceCardinality>1</sourceCardinality>
<sourceEntity>592DD751-40F4-FEDE-3FC3-E92033EA73DF</sourceEntity>
<targetCardinalityString>*</targetCardinalityString>
<targetEntity>FCF8C6F7-594D-9FAD-522D-5308461F7EA2</targetEntity>
<transferable>true</transferable>
<deleteRule>NO ACTION</deleteRule>
</Relation>