<?xml version = '1.0' encoding = 'UTF-8'?>
<Relation class="oracle.dbtools.crest.model.design.logical.Relation" name="fk_orden_maquina" directorySegmentName="seg_0" id="93C56925-5825-4FC0-9C49-98D806CFB095">
<createdBy>diego</createdBy>
<createdTime>2025-10-13 02:08:14 UTC</createdTime>
<generatorID>A622DE6C-66F4-FB22-D501-A1BC327211F8</generatorID>
<ownerDesignName>s9</ownerDesignName>
<engineerTo>
<item key="4805BEB8-5886-089F-35F9-DD68C9534DE8" value="true"/>
</engineerTo>
<sourcePk>3E8024D0-9003-9A6A-CF4D-696A82FBBA7D</sourcePk>
<identifying>false</identifying>
<optionalSource>true</optionalSource>
<optionalTarget>false</optionalTarget>
<sourceCardinality>1</sourceCardinality>
<sourceEntity>FCF8C6F7-594D-9FAD-522D-5308461F7EA2</sourceEntity>
<targetCardinalityString>*</targetCardinalityString>
<targetEntity>35E4349B-C5D6-8C31-F213-1D12B088924E</targetEntity>
<transferable>true</transferable>
<deleteRule>NO ACTION</deleteRule>
</Relation>