<?xml version = '1.0' encoding = 'UTF-8'?>
<Relation class="oracle.dbtools.crest.model.design.logical.Relation" name="fk_empleado_afp" directorySegmentName="seg_0" id="B4719AB0-6929-A8C0-E7EC-1822DE4795CD">
<createdBy>diego</createdBy>
<createdTime>2025-10-13 02:08:14 UTC</createdTime>
<generatorID>F8344E29-C18F-8961-3765-415AAF0EDEA2</generatorID>
<ownerDesignName>s9</ownerDesignName>
<engineerTo>
<item key="4805BEB8-5886-089F-35F9-DD68C9534DE8" value="true"/>
</engineerTo>
<sourcePk>5C36D896-AD77-3A30-2ABC-FC128011B66E</sourcePk>
<identifying>false</identifying>
<optionalSource>true</optionalSource>
<optionalTarget>false</optionalTarget>
<sourceCardinality>1</sourceCardinality>
<sourceEntity>9DDA816B-D088-BA27-08CF-13C93EC81BC3</sourceEntity>
<targetCardinalityString>*</targetCardinalityString>
<targetEntity>372266C9-F000-AE8B-39A4-37D834595F06</targetEntity>
<transferable>true</transferable>
<deleteRule>NO ACTION</deleteRule>
</Relation>