<?xml version = '1.0' encoding = 'UTF-8'?>
<Relation class="oracle.dbtools.crest.model.design.logical.Relation" name="fk_empleado_jefe" directorySegmentName="seg_0" id="BAC6C304-A60F-8DD4-D249-050F666142D5">
<createdBy>diego</createdBy>
<createdTime>2025-10-13 02:08:14 UTC</createdTime>
<generatorID>FF0168DF-D980-EAEF-8F84-44A16C5C58F9</generatorID>
<ownerDesignName>s9</ownerDesignName>
<engineerTo>
<item key="4805BEB8-5886-089F-35F9-DD68C9534DE8" value="true"/>
</engineerTo>
<targetPk>5B78CFD4-5059-AA5B-8EA9-7B64556448A7</targetPk>
<identifying>false</identifying>
<optionalSource>true</optionalSource>
<optionalTarget>true</optionalTarget>
<sourceCardinality>1</sourceCardinality>
<sourceEntity>372266C9-F000-AE8B-39A4-37D834595F06</sourceEntity>
<targetCardinalityString>*</targetCardinalityString>
<targetEntity>372266C9-F000-AE8B-39A4-37D834595F06</targetEntity>
<transferable>true</transferable>
<deleteRule>NO ACTION</deleteRule>
</Relation>