<?xml version = '1.0' encoding = 'UTF-8'?>
<Relation class="oracle.dbtools.crest.model.design.logical.Relation" name="fk_empleado_planta" directorySegmentName="seg_0" id="E5A71EBB-2AD3-BAC3-DA00-ADE51ABE01E3">
<createdBy>diego</createdBy>
<createdTime>2025-10-13 02:08:14 UTC</createdTime>
<generatorID>9371FE01-FF5B-7188-9940-956BB57949B1</generatorID>
<ownerDesignName>s9</ownerDesignName>
<engineerTo>
<item key="4805BEB8-5886-089F-35F9-DD68C9534DE8" value="true"/>
</engineerTo>
<sourcePk>9DFAC39A-3148-3494-ABAE-DE4F16D7D614</sourcePk>
<identifying>false</identifying>
<optionalSource>true</optionalSource>
<optionalTarget>false</optionalTarget>
<sourceCardinality>1</sourceCardinality>
<sourceEntity>592DD751-40F4-FEDE-3FC3-E92033EA73DF</sourceEntity>
<targetCardinalityString>*</targetCardinalityString>
<targetEntity>372266C9-F000-AE8B-39A4-37D834595F06</targetEntity>
<transferable>true</transferable>
<deleteRule>NO ACTION</deleteRule>
</Relation>