<?xml version = '1.0' encoding = 'UTF-8'?>
<Diagram class="oracle.dbtools.crest.swingui.relational.DPVRelational" name="Relational_1" id="195BBD6E-EB68-D40A-33F1-85330E66FBA5">
<createdBy>diego</createdBy>
<modifiedBy>diego</modifiedBy>
<createdTime>2025-08-25 17:16:17 UTC</createdTime>
<autoRoute>false</autoRoute>
<boxInbox>true</boxInbox>
<showLegend>false</showLegend>
<showLabels>false</showLabels>
<showRelAttributes>false</showRelAttributes>
<gridEnabled>false</gridEnabled>
<showGrid>false</showGrid>
<diagramColor>-1</diagramColor>
<display>false</display>
<notation>1</notation>
<objectViews>
<OView class="oracle.dbtools.crest.swingui.relational.TVTable" oid="0CCB4EAC-071A-40FF-B2DD-02FD955C52A8" otype="Table" vid="7B08169A-9424-5D23-9DE4-5485CE26F990">
<hideElementsInCurrentOnly>false</hideElementsInCurrentOnly>
<bounds x="873" y="20" width="214" height="154"/>
</OView>
<OView class="oracle.dbtools.crest.swingui.relational.TVTable" oid="168C4BCE-4897-2826-796E-3F69955CA8E1" otype="Table" vid="835705CD-CB45-2BB1-7A17-556972626C13">
<hideElementsInCurrentOnly>false</hideElementsInCurrentOnly>
<bounds x="565" y="442" width="206" height="128"/>
</OView>
<OView class="oracle.dbtools.crest.swingui.relational.TVTable" oid="2869E0A1-74DA-F1DE-7D7A-612D4B004FBE" otype="Table" vid="2CC44366-54BB-037A-7081-E60C733EE901">
<hideElementsInCurrentOnly>false</hideElementsInCurrentOnly>
<bounds x="292" y="468" width="193" height="102"/>
</OView>
<OView class="oracle.dbtools.crest.swingui.relational.TVTable" oid="481D8242-A965-7557-65E0-B051F46C604B" otype="Table" vid="B45072BA-DD03-3E48-56E8-720121208BC7">
<hideElementsInCurrentOnly>false</hideElementsInCurrentOnly>
<bounds x="20" y="468" width="192" height="102"/>
</OView>
<OView class="oracle.dbtools.crest.swingui.relational.TVTable" oid="AE409193-F322-6EA4-F978-61EF9823262B" otype="Table" vid="16BBB5CC-4D11-16A1-B212-2F563A5DA92C">
<hideElementsInCurrentOnly>false</hideElementsInCurrentOnly>
<bounds x="873" y="234" width="180" height="96"/>
</OView>
<OView class="oracle.dbtools.crest.swingui.relational.TVTable" oid="C1950C8B-595B-CA41-64B1-1B7CCE0012EC" otype="Table" vid="89E591CB-E3E3-460B-6DC4-F9431D9DFD5F">
<hideElementsInCurrentOnly>false</hideElementsInCurrentOnly>
<bounds x="565" y="260" width="228" height="122"/>
</OView>
<OView class="oracle.dbtools.crest.swingui.relational.TVTable" oid="D9D03637-C60B-185E-C9CA-6D1073A27BDF" otype="Table" vid="798C785F-45EF-EA6D-1904-9635DED6B4E0">
<hideElementsInCurrentOnly>false</hideElementsInCurrentOnly>
<bounds x="156" y="260" width="228" height="148"/>
</OView>
<OView class="oracle.dbtools.crest.swingui.relational.TVTable" oid="F7358DD0-AB6D-786F-B933-B1A154D256B4" otype="Table" vid="A1F2A9E1-B954-5118-6A00-4A706EE0F08D">
<hideElementsInCurrentOnly>false</hideElementsInCurrentOnly>
<bounds x="156" y="20" width="210" height="180"/>
</OView>
</objectViews>
<connectors>
<Connector class="oracle.dbtools.crest.swingui.relational.TVFKRelation" oid="0F088A33-A14E-44A2-56D8-695F0D40FE6F" otype="FKIndexAssociation" vid_source="89E591CB-E3E3-460B-6DC4-F9431D9DFD5F" vid_target="A1F2A9E1-B954-5118-6A00-4A706EE0F08D">
<hideElementsInCurrentOnly>false</hideElementsInCurrentOnly>
<backgroundColor>-16777216</backgroundColor>
<lineWidth>1</lineWidth>
<points>
<point x="565" y="263"/>
<point x="366" y="163"/>
</points>
</Connector>
<Connector class="oracle.dbtools.crest.swingui.relational.TVFKRelation" oid="10A2C7C5-FB33-30FD-5C9B-A12B980B7479" otype="FKIndexAssociation" vid_source="89E591CB-E3E3-460B-6DC4-F9431D9DFD5F" vid_target="835705CD-CB45-2BB1-7A17-556972626C13">
<hideElementsInCurrentOnly>false</hideElementsInCurrentOnly>
<backgroundColor>-16777216</backgroundColor>
<lineWidth>1</lineWidth>
<points>
<point x="668" y="382"/>
<point x="668" y="442"/>
</points>
</Connector>
<Connector class="oracle.dbtools.crest.swingui.relational.TVFKRelation" oid="479FFEDF-6B8C-FECB-2F1A-5C444AE88434" otype="FKIndexAssociation" vid_source="798C785F-45EF-EA6D-1904-9635DED6B4E0" vid_target="2CC44366-54BB-037A-7081-E60C733EE901">
<hideElementsInCurrentOnly>false</hideElementsInCurrentOnly>
<backgroundColor>-16777216</backgroundColor>
<lineWidth>1</lineWidth>
<points>
<point x="338" y="408"/>
<point x="338" y="468"/>
</points>
</Connector>
<Connector class="oracle.dbtools.crest.swingui.relational.TVFKRelation" oid="92853090-F45F-A261-2692-23AB8BAF21AE" otype="FKIndexAssociation" vid_source="798C785F-45EF-EA6D-1904-9635DED6B4E0" vid_target="A1F2A9E1-B954-5118-6A00-4A706EE0F08D">
<hideElementsInCurrentOnly>false</hideElementsInCurrentOnly>
<backgroundColor>-16777216</backgroundColor>
<lineWidth>1</lineWidth>
<points>
<point x="261" y="260"/>
<point x="261" y="200"/>
</points>
</Connector>
<Connector class="oracle.dbtools.crest.swingui.relational.TVFKRelation" oid="95BFB020-E253-659F-4DFA-63C74DCA6644" otype="FKIndexAssociation" vid_source="798C785F-45EF-EA6D-1904-9635DED6B4E0" vid_target="B45072BA-DD03-3E48-56E8-720121208BC7">
<hideElementsInCurrentOnly>false</hideElementsInCurrentOnly>
<backgroundColor>-16777216</backgroundColor>
<lineWidth>1</lineWidth>
<points>
<point x="184" y="408"/>
<point x="184" y="468"/>
</points>
</Connector>
<Connector class="oracle.dbtools.crest.swingui.relational.TVFKRelation" oid="972486E0-EAEE-4F9F-FB83-75159317296E" otype="FKIndexAssociation" vid_source="16BBB5CC-4D11-16A1-B212-2F563A5DA92C" vid_target="7B08169A-9424-5D23-9DE4-5485CE26F990">
<hideElementsInCurrentOnly>false</hideElementsInCurrentOnly>
<backgroundColor>-16777216</backgroundColor>
<lineWidth>1</lineWidth>
<points>
<point x="963" y="234"/>
<point x="963" y="174"/>
</points>
</Connector>
<Connector class="oracle.dbtools.crest.swingui.relational.TVFKRelation" oid="AD5362B5-5D99-871A-AF61-1A653E4A00D9" otype="FKIndexAssociation" vid_source="7B08169A-9424-5D23-9DE4-5485CE26F990" vid_target="A1F2A9E1-B954-5118-6A00-4A706EE0F08D">
<hideElementsInCurrentOnly>false</hideElementsInCurrentOnly>
<backgroundColor>-16777216</backgroundColor>
<lineWidth>1</lineWidth>
<points>
<point x="873" y="97"/>
<point x="366" y="97"/>
</points>
</Connector>
</connectors>
<displays>
<Display class="oracle.dbtools.crest.swingui.relational.DPVRelational" name="Display_1" id="6BF4B88A-5F6A-3ABD-C87B-E756CD52EC47">
<createdBy>diego</createdBy>
<modifiedBy>diego</modifiedBy>
<createdTime>2025-08-25 17:16:31 UTC</createdTime>
<autoRoute>false</autoRoute>
<boxInbox>true</boxInbox>
<showLegend>false</showLegend>
<showLabels>false</showLabels>
<showRelAttributes>false</showRelAttributes>
<gridEnabled>false</gridEnabled>
<showGrid>false</showGrid>
<diagramColor>-1</diagramColor>
<display>true</display>
<notation>1</notation>
<objectViews>
<OView class="oracle.dbtools.crest.swingui.relational.TVTable" oid="0CCB4EAC-071A-40FF-B2DD-02FD955C52A8" otype="Table" vid="53B1BBE9-3E23-79A7-FB9B-50A9E75EB163">
<hideElementsInCurrentOnly>false</hideElementsInCurrentOnly>
<bounds x="873" y="20" width="214" height="154"/>
</OView>
<OView class="oracle.dbtools.crest.swingui.relational.TVTable" oid="168C4BCE-4897-2826-796E-3F69955CA8E1" otype="Table" vid="6BD5B85D-B1EB-F346-E66E-1021B210F751">
<hideElementsInCurrentOnly>false</hideElementsInCurrentOnly>
<bounds x="565" y="442" width="206" height="128"/>
</OView>
<OView class="oracle.dbtools.crest.swingui.relational.TVTable" oid="2869E0A1-74DA-F1DE-7D7A-612D4B004FBE" otype="Table" vid="C314E10C-03A0-B081-BBE4-4FF9B9FB1672">
<hideElementsInCurrentOnly>false</hideElementsInCurrentOnly>
<bounds x="292" y="468" width="193" height="102"/>
</OView>
<OView class="oracle.dbtools.crest.swingui.relational.TVTable" oid="481D8242-A965-7557-65E0-B051F46C604B" otype="Table" vid="D429E1B3-5C61-E41B-A1EF-B40320571A85">
<hideElementsInCurrentOnly>false</hideElementsInCurrentOnly>
<bounds x="20" y="468" width="192" height="102"/>
</OView>
<OView class="oracle.dbtools.crest.swingui.relational.TVTable" oid="AE409193-F322-6EA4-F978-61EF9823262B" otype="Table" vid="40E0A905-C056-9E16-7739-E31CE5E7737D">
<hideElementsInCurrentOnly>false</hideElementsInCurrentOnly>
<bounds x="873" y="234" width="180" height="96"/>
</OView>
<OView class="oracle.dbtools.crest.swingui.relational.TVTable" oid="C1950C8B-595B-CA41-64B1-1B7CCE0012EC" otype="Table" vid="CB0202B2-E142-1493-67DB-77B9480A9A8B">
<hideElementsInCurrentOnly>false</hideElementsInCurrentOnly>
<bounds x="565" y="260" width="228" height="122"/>
</OView>
<OView class="oracle.dbtools.crest.swingui.relational.TVTable" oid="D9D03637-C60B-185E-C9CA-6D1073A27BDF" otype="Table" vid="B5568268-9D32-7BFE-536A-9D4171995DCA">
<hideElementsInCurrentOnly>false</hideElementsInCurrentOnly>
<bounds x="156" y="260" width="228" height="148"/>
</OView>
<OView class="oracle.dbtools.crest.swingui.relational.TVTable" oid="F7358DD0-AB6D-786F-B933-B1A154D256B4" otype="Table" vid="703D70AF-7EC1-117E-E069-61849D87A1B3">
<hideElementsInCurrentOnly>false</hideElementsInCurrentOnly>
<bounds x="156" y="20" width="210" height="180"/>
</OView>
</objectViews>
<connectors>
<Connector class="oracle.dbtools.crest.swingui.relational.TVFKRelation" oid="0F088A33-A14E-44A2-56D8-695F0D40FE6F" otype="FKIndexAssociation" vid_source="CB0202B2-E142-1493-67DB-77B9480A9A8B" vid_target="703D70AF-7EC1-117E-E069-61849D87A1B3">
<hideElementsInCurrentOnly>false</hideElementsInCurrentOnly>
<backgroundColor>-16777216</backgroundColor>
<lineWidth>1</lineWidth>
</Connector>
<Connector class="oracle.dbtools.crest.swingui.relational.TVFKRelation" oid="10A2C7C5-FB33-30FD-5C9B-A12B980B7479" otype="FKIndexAssociation" vid_source="CB0202B2-E142-1493-67DB-77B9480A9A8B" vid_target="6BD5B85D-B1EB-F346-E66E-1021B210F751">
<hideElementsInCurrentOnly>false</hideElementsInCurrentOnly>
<backgroundColor>-16777216</backgroundColor>
<lineWidth>1</lineWidth>
</Connector>
<Connector class="oracle.dbtools.crest.swingui.relational.TVFKRelation" oid="479FFEDF-6B8C-FECB-2F1A-5C444AE88434" otype="FKIndexAssociation" vid_source="B5568268-9D32-7BFE-536A-9D4171995DCA" vid_target="C314E10C-03A0-B081-BBE4-4FF9B9FB1672">
<hideElementsInCurrentOnly>false</hideElementsInCurrentOnly>
<backgroundColor>-16777216</backgroundColor>
<lineWidth>1</lineWidth>
</Connector>
<Connector class="oracle.dbtools.crest.swingui.relational.TVFKRelation" oid="92853090-F45F-A261-2692-23AB8BAF21AE" otype="FKIndexAssociation" vid_source="B5568268-9D32-7BFE-536A-9D4171995DCA" vid_target="703D70AF-7EC1-117E-E069-61849D87A1B3">
<hideElementsInCurrentOnly>false</hideElementsInCurrentOnly>
<backgroundColor>-16777216</backgroundColor>
<lineWidth>1</lineWidth>
</Connector>
<Connector class="oracle.dbtools.crest.swingui.relational.TVFKRelation" oid="95BFB020-E253-659F-4DFA-63C74DCA6644" otype="FKIndexAssociation" vid_source="B5568268-9D32-7BFE-536A-9D4171995DCA" vid_target="D429E1B3-5C61-E41B-A1EF-B40320571A85">
<hideElementsInCurrentOnly>false</hideElementsInCurrentOnly>
<backgroundColor>-16777216</backgroundColor>
<lineWidth>1</lineWidth>
</Connector>
<Connector class="oracle.dbtools.crest.swingui.relational.TVFKRelation" oid="972486E0-EAEE-4F9F-FB83-75159317296E" otype="FKIndexAssociation" vid_source="40E0A905-C056-9E16-7739-E31CE5E7737D" vid_target="53B1BBE9-3E23-79A7-FB9B-50A9E75EB163">
<hideElementsInCurrentOnly>false</hideElementsInCurrentOnly>
<backgroundColor>-16777216</backgroundColor>
<lineWidth>1</lineWidth>
</Connector>
<Connector class="oracle.dbtools.crest.swingui.relational.TVFKRelation" oid="AD5362B5-5D99-871A-AF61-1A653E4A00D9" otype="FKIndexAssociation" vid_source="53B1BBE9-3E23-79A7-FB9B-50A9E75EB163" vid_target="703D70AF-7EC1-117E-E069-61849D87A1B3">
<hideElementsInCurrentOnly>false</hideElementsInCurrentOnly>
<backgroundColor>-16777216</backgroundColor>
<lineWidth>1</lineWidth>
</Connector>
</connectors>
</Display>
</displays>
</Diagram>
