<?xml version = '1.0' encoding = 'UTF-8'?>
<relationalModel class="oracle.dbtools.crest.model.design.relational.RelationalDesign" name="Relational_1" id="8B018ECF-07AB-AAEC-6587-3CAA14B1E3D8" mainViewID="195BBD6E-EB68-D40A-33F1-85330E66FBA5">
<createdBy>diego</createdBy>
<createdTime>2025-08-25 17:06:53 UTC</createdTime>
<ownerDesignName>Base_model</ownerDesignName>
<shouldBeOpen>false</shouldBeOpen>
<selectedRDBMSSite>79C73AAF-E1A7-E669-7DF0-025EE81A2AFC</selectedRDBMSSite>
<importDDLFileStamps>
<importDDLFileStamp class="oracle.dbtools.crest.imports.DDLFileStamp">
<fileName>BBT_Airways_DDL.sql</fileName>
<pathName>/home/diego/projects/mbd/s2</pathName>
<dbType>14</dbType>
</importDDLFileStamp>
</importDDLFileStamps>
</relationalModel>
