<?xml version = '1.0' encoding = 'UTF-8'?>
<Relation class="oracle.dbtools.crest.model.design.logical.Relation" name="fk_reserva_empleado" directorySegmentName="seg_0" id="2B4C8023-55A6-1D67-5A98-B1B9F2D7AF5F">
<createdBy>diego</createdBy>
<createdTime>2025-08-25 18:24:11 UTC</createdTime>
<generatorID>92853090-F45F-A261-2692-23AB8BAF21AE</generatorID>
<ownerDesignName>Base_model</ownerDesignName>
<engineerTo>
<item key="8B018ECF-07AB-AAEC-6587-3CAA14B1E3D8" value="true"/>
</engineerTo>
<sourcePk>6707AF61-7BE7-A46D-44FD-28660F8AC847</sourcePk>
<identifying>false</identifying>
<optionalSource>true</optionalSource>
<optionalTarget>false</optionalTarget>
<sourceCardinality>1</sourceCardinality>
<sourceEntity>7260399E-A799-E9D4-67B5-891A202ECE08</sourceEntity>
<targetCardinalityString>*</targetCardinalityString>
<targetEntity>27783749-EAFC-CCA1-B688-F437A2F38E8B</targetEntity>
<transferable>true</transferable>
<deleteRule>NO ACTION</deleteRule>
</Relation>
