<?xml version = '1.0' encoding = 'UTF-8'?>
<Relation class="oracle.dbtools.crest.model.design.logical.Relation" name="fk_reserva_vuelo" directorySegmentName="seg_0" id="35781F34-16B9-D82D-B48E-97C63A2C0018">
<createdBy>diego</createdBy>
<createdTime>2025-08-25 18:24:11 UTC</createdTime>
<generatorID>AD5362B5-5D99-871A-AF61-1A653E4A00D9</generatorID>
<ownerDesignName>Base_model</ownerDesignName>
<engineerTo>
<item key="8B018ECF-07AB-AAEC-6587-3CAA14B1E3D8" value="true"/>
</engineerTo>
<sourcePk>B4BC58B6-A9B2-569E-FC91-E7F71E75ADDF</sourcePk>
<identifying>false</identifying>
<optionalSource>true</optionalSource>
<optionalTarget>false</optionalTarget>
<sourceCardinality>1</sourceCardinality>
<sourceEntity>996FB2BA-A610-C246-0B50-B82ADC76ABE6</sourceEntity>
<targetCardinalityString>*</targetCardinalityString>
<targetEntity>27783749-EAFC-CCA1-B688-F437A2F38E8B</targetEntity>
<transferable>true</transferable>
<deleteRule>NO ACTION</deleteRule>
</Relation>
