<?xml version = '1.0' encoding = 'UTF-8'?>
<Relation class="oracle.dbtools.crest.model.design.logical.Relation" name="fk_reserva_pasajero" directorySegmentName="seg_0" id="5E6B365B-A832-D10C-2EE0-31DAD5D42421">
<createdBy>diego</createdBy>
<createdTime>2025-08-25 18:24:11 UTC</createdTime>
<generatorID>0F088A33-A14E-44A2-56D8-695F0D40FE6F</generatorID>
<ownerDesignName>Base_model</ownerDesignName>
<engineerTo>
<item key="8B018ECF-07AB-AAEC-6587-3CAA14B1E3D8" value="true"/>
</engineerTo>
<sourcePk>C35E5BBA-FF93-79C2-D37F-A6BFD7823B56</sourcePk>
<identifying>false</identifying>
<optionalSource>true</optionalSource>
<optionalTarget>false</optionalTarget>
<sourceCardinality>1</sourceCardinality>
<sourceEntity>62999F61-026F-A0EF-D746-86E4085AD346</sourceEntity>
<targetCardinalityString>*</targetCardinalityString>
<targetEntity>27783749-EAFC-CCA1-B688-F437A2F38E8B</targetEntity>
<transferable>true</transferable>
<deleteRule>NO ACTION</deleteRule>
</Relation>
