<?xml version = '1.0' encoding = 'UTF-8'?>
<Relation class="oracle.dbtools.crest.model.design.logical.Relation" name="fk_equipaje_pasajero" directorySegmentName="seg_0" id="5E7E32B3-3DC3-EE64-7D6C-4C76C2CF7413">
<createdBy>diego</createdBy>
<createdTime>2025-08-25 18:24:11 UTC</createdTime>
<generatorID>10A2C7C5-FB33-30FD-5C9B-A12B980B7479</generatorID>
<ownerDesignName>Base_model</ownerDesignName>
<engineerTo>
<item key="8B018ECF-07AB-AAEC-6587-3CAA14B1E3D8" value="true"/>
</engineerTo>
<sourcePk>C35E5BBA-FF93-79C2-D37F-A6BFD7823B56</sourcePk>
<identifying>false</identifying>
<optionalSource>true</optionalSource>
<optionalTarget>false</optionalTarget>
<sourceCardinality>1</sourceCardinality>
<sourceEntity>62999F61-026F-A0EF-D746-86E4085AD346</sourceEntity>
<targetCardinalityString>*</targetCardinalityString>
<targetEntity>F7CC4E2E-211E-33D0-47FB-B6A15E0DC6C1</targetEntity>
<transferable>true</transferable>
<deleteRule>NO ACTION</deleteRule>
</Relation>
