<?xml version = '1.0' encoding = 'UTF-8'?>
<Relation class="oracle.dbtools.crest.model.design.logical.Relation" name="fk_piloto_empleado" directorySegmentName="seg_0" id="6589F1F7-D18E-C744-F2DD-E5A8B17CD768">
<createdBy>diego</createdBy>
<createdTime>2025-08-25 18:24:11 UTC</createdTime>
<generatorID>95BFB020-E253-659F-4DFA-63C74DCA6644</generatorID>
<ownerDesignName>Base_model</ownerDesignName>
<engineerTo>
<item key="8B018ECF-07AB-AAEC-6587-3CAA14B1E3D8" value="true"/>
</engineerTo>
<sourcePk>6707AF61-7BE7-A46D-44FD-28660F8AC847</sourcePk>
<dominantRole>7260399E-A799-E9D4-67B5-891A202ECE08</dominantRole>
<identifying>true</identifying>
<optionalSource>true</optionalSource>
<optionalTarget>false</optionalTarget>
<sourceCardinality>1</sourceCardinality>
<sourceEntity>7260399E-A799-E9D4-67B5-891A202ECE08</sourceEntity>
<targetCardinalityString>1</targetCardinalityString>
<targetEntity>13D620E2-EC58-43BC-6A24-446FE3476661</targetEntity>
<transferable>true</transferable>
<deleteRule>NO ACTION</deleteRule>
</Relation>
