<?xml version = '1.0' encoding = 'UTF-8'?>
<Relation class="oracle.dbtools.crest.model.design.logical.Relation" name="fk_vuelo_avion" directorySegmentName="seg_0" id="C73C5E0A-750D-503E-0ADD-F0F6F8AFEEC4">
<createdBy>diego</createdBy>
<createdTime>2025-08-25 18:24:11 UTC</createdTime>
<generatorID>972486E0-EAEE-4F9F-FB83-75159317296E</generatorID>
<ownerDesignName>Base_model</ownerDesignName>
<engineerTo>
<item key="8B018ECF-07AB-AAEC-6587-3CAA14B1E3D8" value="true"/>
</engineerTo>
<sourcePk>4D26AD42-7AB7-7812-7EDB-44F28C6B3E50</sourcePk>
<identifying>false</identifying>
<optionalSource>true</optionalSource>
<optionalTarget>false</optionalTarget>
<sourceCardinality>1</sourceCardinality>
<sourceEntity>AEA49229-8B2D-573D-111D-EBEC6827EFD2</sourceEntity>
<targetCardinalityString>*</targetCardinalityString>
<targetEntity>996FB2BA-A610-C246-0B50-B82ADC76ABE6</targetEntity>
<transferable>true</transferable>
<deleteRule>NO ACTION</deleteRule>
</Relation>
