<?xml version = '1.0' encoding = 'UTF-8'?>
<Relation class="oracle.dbtools.crest.model.design.logical.Relation" name="fk_administrativo_empleado" directorySegmentName="seg_0" id="D6CB4437-5E0C-01E1-BF25-634936110D6A">
<createdBy>diego</createdBy>
<createdTime>2025-08-25 18:24:11 UTC</createdTime>
<generatorID>479FFEDF-6B8C-FECB-2F1A-5C444AE88434</generatorID>
<ownerDesignName>Base_model</ownerDesignName>
<engineerTo>
<item key="8B018ECF-07AB-AAEC-6587-3CAA14B1E3D8" value="true"/>
</engineerTo>
<sourcePk>6707AF61-7BE7-A46D-44FD-28660F8AC847</sourcePk>
<dominantRole>7260399E-A799-E9D4-67B5-891A202ECE08</dominantRole>
<identifying>true</identifying>
<optionalSource>true</optionalSource>
<optionalTarget>false</optionalTarget>
<sourceCardinality>1</sourceCardinality>
<sourceEntity>7260399E-A799-E9D4-67B5-891A202ECE08</sourceEntity>
<targetCardinalityString>1</targetCardinalityString>
<targetEntity>01BAE4AE-1FDD-0073-2EE1-74BEFC2356B9</targetEntity>
<transferable>true</transferable>
<deleteRule>NO ACTION</deleteRule>
</Relation>
