<?xml version = '1.0' encoding = 'UTF-8'?>
<Entity class="oracle.dbtools.crest.model.design.logical.Entity" directorySegmentName="seg_0" id="1B508ED8-D58B-77C1-201F-207AE1722F88" name="Personal">
<createdBy>diego</createdBy>
<createdTime>2025-09-01 15:11:22 UTC</createdTime>
<generatorID>730D9ED1-3194-A0A4-CE79-2F175BFCDB39</generatorID>
<ownerDesignName>vivirmejor</ownerDesignName>
<engineerTo>
<item key="12245862-369D-E64E-6391-40FDFBD6868C" value="true"/>
</engineerTo>
<adequatelyNormalized>NO</adequatelyNormalized>
<expectedVolumes>0</expectedVolumes>
<fwdEngineeringStrategyName>Single Table</fwdEngineeringStrategyName>
<growthPercent>0</growthPercent>
<growthType>Year</growthType>
<maxVolumes>9999999</maxVolumes>
<minVolumes>0</minVolumes>
<normalForm>Third</normalForm>
<attributes itemClass="oracle.dbtools.crest.model.design.logical.Attribute">
<Attribute name="id personal" id="315FC526-3439-2C33-8DEE-F1006A3AAA9E">
<createdBy>diego</createdBy>
<createdTime>2025-09-01 15:11:22 UTC</createdTime>
<generatorID>4780A840-7C9E-96F7-6491-8CB154EB2079</generatorID>
<ownerDesignName>vivirmejor</ownerDesignName>
<engineerTo>
<item key="12245862-369D-E64E-6391-40FDFBD6868C" value="true"/>
</engineerTo>
<use>0</use>
<logicalDatatype>LOGDT019</logicalDatatype>
<domain>7ADB0BE9-9C8C-6A05-FE82-7BEA6361F1BA</domain>
<ownDataTypeParameters>,,</ownDataTypeParameters>
</Attribute>
<Attribute name="id residencia" id="15FE0489-FDC9-1C9F-B189-C9BC0D4F66D3">
<createdBy>diego</createdBy>
<createdTime>2025-09-01 15:11:22 UTC</createdTime>
<generatorID>B02EA4CF-4794-5EF0-E167-F5B4D543EDBC</generatorID>
<ownerDesignName>vivirmejor</ownerDesignName>
<engineerTo>
<item key="12245862-369D-E64E-6391-40FDFBD6868C" value="true"/>
</engineerTo>
<referedAttribute>625B1676-18BD-3FF3-752D-5A776460DFEA</referedAttribute>
<use>0</use>
<logicalDatatype>LOGDT019</logicalDatatype>
<domain>7ADB0BE9-9C8C-6A05-FE82-7BEA6361F1BA</domain>
<ownDataTypeParameters>,,</ownDataTypeParameters>
</Attribute>
<Attribute name="rut" id="FD196739-4288-612B-DBE6-0036D62A4D1B">
<createdBy>diego</createdBy>
<createdTime>2025-09-01 15:11:22 UTC</createdTime>
<generatorID>A8FF8440-9F9C-C403-AB55-5465D9E1E7DC</generatorID>
<ownerDesignName>vivirmejor</ownerDesignName>
<engineerTo>
<item key="12245862-369D-E64E-6391-40FDFBD6868C" value="true"/>
</engineerTo>
<use>0</use>
<logicalDatatype>LOGDT024</logicalDatatype>
<domain>C9CD014D-702E-2473-FAD7-8EC063FE0254</domain>
<ownDataTypeParameters>,,</ownDataTypeParameters>
</Attribute>
<Attribute name="nombre completo" id="E1737D9E-11D1-C8E3-CF6E-88B8F95B9588">
<createdBy>diego</createdBy>
<createdTime>2025-09-01 15:11:22 UTC</createdTime>
<generatorID>DA193E32-8D75-5341-320E-30AC37327503</generatorID>
<ownerDesignName>vivirmejor</ownerDesignName>
<engineerTo>
<item key="12245862-369D-E64E-6391-40FDFBD6868C" value="true"/>
</engineerTo>
<use>0</use>
<logicalDatatype>LOGDT024</logicalDatatype>
<domain>FA4BF340-128C-FE4C-0FB3-68715ADA057C</domain>
<ownDataTypeParameters>,,</ownDataTypeParameters>
</Attribute>
<Attribute name="fecha ingreso" id="A5FE53D9-D9C0-E7B4-D15C-60C6F4FA96AD">
<createdBy>diego</createdBy>
<createdTime>2025-09-01 15:11:22 UTC</createdTime>
<generatorID>AD80D916-7B95-16A1-BFE5-772AC8F20D74</generatorID>
<ownerDesignName>vivirmejor</ownerDesignName>
<engineerTo>
<item key="12245862-369D-E64E-6391-40FDFBD6868C" value="true"/>
</engineerTo>
<use>0</use>
<logicalDatatype>LOGDT007</logicalDatatype>
<domain>D6EE48F6-C799-FDCE-CD3A-C3F4022957D4</domain>
<defaultValue>SYSDATE</defaultValue>
<ownDataTypeParameters>,,</ownDataTypeParameters>
</Attribute>
<Attribute name="tipo personal" id="9A21E214-B817-0303-919D-AEEC8D58C96F">
<createdBy>diego</createdBy>
<createdTime>2025-09-01 15:11:22 UTC</createdTime>
<generatorID>A28AA0C8-9B4F-8F7C-38DB-DC9F3E4852AC</generatorID>
<ownerDesignName>vivirmejor</ownerDesignName>
<engineerTo>
<item key="12245862-369D-E64E-6391-40FDFBD6868C" value="true"/>
</engineerTo>
<use>0</use>
<logicalDatatype>LOGDT024</logicalDatatype>
<domain>AE100928-108B-A382-0913-E76239C81846</domain>
<ownDataTypeParameters>,,</ownDataTypeParameters>
</Attribute>
</attributes>
<identifiers itemClass="oracle.dbtools.crest.model.design.logical.CandidateKey">
<identifier id="34C2624C-91D9-151F-1C5D-38A071F8B779" name="Personal PK">
<createdBy>diego</createdBy>
<createdTime>2025-09-01 15:11:22 UTC</createdTime>
<generatorID>40B4716D-1FB6-06BF-A5AF-F0D6A0F7CB74</generatorID>
<ownerDesignName>vivirmejor</ownerDesignName>
<engineerTo>
<item key="12245862-369D-E64E-6391-40FDFBD6868C" value="true"/>
</engineerTo>
<pk>true</pk>
<usedAttributes>
<attributeRef>315FC526-3439-2C33-8DEE-F1006A3AAA9E</attributeRef>
</usedAttributes>
</identifier>
<identifier id="F93780CE-BFA3-8DD9-7FE6-14E7B2B27848" name="INDEX 1v1">
<createdBy>diego</createdBy>
<createdTime>2025-09-01 15:11:22 UTC</createdTime>
<generatorID>73F800E4-D624-2176-700B-AD0016FEE5CE</generatorID>
<ownerDesignName>vivirmejor</ownerDesignName>
<engineerTo>
<item key="12245862-369D-E64E-6391-40FDFBD6868C" value="true"/>
</engineerTo>
<usedAttributes>
<attributeRef>FD196739-4288-612B-DBE6-0036D62A4D1B</attributeRef>
</usedAttributes>
</identifier>
</identifiers>
</Entity>