<?xml version = '1.0' encoding = 'UTF-8'?>
<Entity class="oracle.dbtools.crest.model.design.logical.Entity" directorySegmentName="seg_0" id="63CC690B-040C-01BF-C26D-8E8E3C96270B" name="Residente">
<createdBy>diego</createdBy>
<createdTime>2025-09-01 15:11:22 UTC</createdTime>
<generatorID>FBD3C9F1-CAF9-4474-1B46-5BD0ECB9EB9F</generatorID>
<ownerDesignName>vivirmejor</ownerDesignName>
<engineerTo>
<item key="12245862-369D-E64E-6391-40FDFBD6868C" value="true"/>
</engineerTo>
<adequatelyNormalized>NO</adequatelyNormalized>
<expectedVolumes>0</expectedVolumes>
<fwdEngineeringStrategyName>Single Table</fwdEngineeringStrategyName>
<growthPercent>0</growthPercent>
<growthType>Year</growthType>
<maxVolumes>9999999</maxVolumes>
<minVolumes>0</minVolumes>
<normalForm>Third</normalForm>
<attributes itemClass="oracle.dbtools.crest.model.design.logical.Attribute">
<Attribute name="id residente" id="81193750-ABFF-DF1D-DF75-EF3FF54F346A">
<createdBy>diego</createdBy>
<createdTime>2025-09-01 15:11:22 UTC</createdTime>
<generatorID>15D2796F-6BF8-8B18-A9F4-384C8A9BB4A8</generatorID>
<ownerDesignName>vivirmejor</ownerDesignName>
<engineerTo>
<item key="12245862-369D-E64E-6391-40FDFBD6868C" value="true"/>
</engineerTo>
<use>0</use>
<logicalDatatype>LOGDT019</logicalDatatype>
<domain>7ADB0BE9-9C8C-6A05-FE82-7BEA6361F1BA</domain>
<ownDataTypeParameters>,,</ownDataTypeParameters>
</Attribute>
<Attribute name="id habitacion" id="3E15CEF8-A067-B58F-1752-82F3B5F96A59">
<createdBy>diego</createdBy>
<createdTime>2025-09-01 15:11:22 UTC</createdTime>
<generatorID>9159F9D4-DE49-4B1F-4AFC-212DCA917F65</generatorID>
<ownerDesignName>vivirmejor</ownerDesignName>
<engineerTo>
<item key="12245862-369D-E64E-6391-40FDFBD6868C" value="true"/>
</engineerTo>
<nullsAllowed>true</nullsAllowed>
<referedAttribute>FE7EDBAF-DE73-C3A5-88FF-01CEA2C36C6A</referedAttribute>
<use>0</use>
<logicalDatatype>LOGDT019</logicalDatatype>
<domain>7ADB0BE9-9C8C-6A05-FE82-7BEA6361F1BA</domain>
<ownDataTypeParameters>,,</ownDataTypeParameters>
</Attribute>
<Attribute name="rut" id="2C1FC822-75BC-C456-3971-46022B53E4E4">
<createdBy>diego</createdBy>
<createdTime>2025-09-01 15:11:22 UTC</createdTime>
<generatorID>719E89B5-39E3-C59A-E16F-179DD9DFE3F7</generatorID>
<ownerDesignName>vivirmejor</ownerDesignName>
<engineerTo>
<item key="12245862-369D-E64E-6391-40FDFBD6868C" value="true"/>
</engineerTo>
<use>0</use>
<logicalDatatype>LOGDT024</logicalDatatype>
<domain>C9CD014D-702E-2473-FAD7-8EC063FE0254</domain>
<ownDataTypeParameters>,,</ownDataTypeParameters>
</Attribute>
<Attribute name="nombre completo" id="10BC7924-5043-5680-33E2-9BE03B58F6C2">
<createdBy>diego</createdBy>
<createdTime>2025-09-01 15:11:22 UTC</createdTime>
<generatorID>3E17C910-7A8E-7245-A4E5-EB95D9DC44CE</generatorID>
<ownerDesignName>vivirmejor</ownerDesignName>
<engineerTo>
<item key="12245862-369D-E64E-6391-40FDFBD6868C" value="true"/>
</engineerTo>
<use>0</use>
<logicalDatatype>LOGDT024</logicalDatatype>
<domain>FA4BF340-128C-FE4C-0FB3-68715ADA057C</domain>
<ownDataTypeParameters>,,</ownDataTypeParameters>
</Attribute>
<Attribute name="fecha nacimiento" id="ACE5EE11-55D7-68F3-3694-D599EC463DF4">
<createdBy>diego</createdBy>
<createdTime>2025-09-01 15:11:22 UTC</createdTime>
<generatorID>8CA01625-EBD4-D14B-B258-08637AADCBD8</generatorID>
<ownerDesignName>vivirmejor</ownerDesignName>
<engineerTo>
<item key="12245862-369D-E64E-6391-40FDFBD6868C" value="true"/>
</engineerTo>
<use>0</use>
<logicalDatatype>LOGDT007</logicalDatatype>
<domain>D6EE48F6-C799-FDCE-CD3A-C3F4022957D4</domain>
<ownDataTypeParameters>,,</ownDataTypeParameters>
</Attribute>
<Attribute name="autonomia" id="1931F75A-3849-35DB-68E1-0B862A0BE445">
<createdBy>diego</createdBy>
<createdTime>2025-09-01 15:11:22 UTC</createdTime>
<generatorID>01335C48-0287-DD48-CE7E-BD1E3F1F7926</generatorID>
<ownerDesignName>vivirmejor</ownerDesignName>
<engineerTo>
<item key="12245862-369D-E64E-6391-40FDFBD6868C" value="true"/>
</engineerTo>
<use>0</use>
<logicalDatatype>LOGDT025</logicalDatatype>
<domain>69173968-878B-84A0-12BD-92BAF897D763</domain>
<defaultValue>&apos;S&apos;</defaultValue>
<ownDataTypeParameters>,,</ownDataTypeParameters>
</Attribute>
<Attribute name="tipo residente" id="C3BBAD95-D994-C508-8F93-3CB53812FF39">
<createdBy>diego</createdBy>
<createdTime>2025-09-01 15:11:22 UTC</createdTime>
<generatorID>AEA14BF1-3A5D-E757-0CEB-DA7F4312A45E</generatorID>
<ownerDesignName>vivirmejor</ownerDesignName>
<engineerTo>
<item key="12245862-369D-E64E-6391-40FDFBD6868C" value="true"/>
</engineerTo>
<use>0</use>
<logicalDatatype>LOGDT024</logicalDatatype>
<domain>AE100928-108B-A382-0913-E76239C81846</domain>
<ownDataTypeParameters>,,</ownDataTypeParameters>
</Attribute>
</attributes>
<identifiers itemClass="oracle.dbtools.crest.model.design.logical.CandidateKey">
<identifier id="21F57C5C-50DD-6A38-60AF-7908647F2BD9" name="Residente PK">
<createdBy>diego</createdBy>
<createdTime>2025-09-01 15:11:22 UTC</createdTime>
<generatorID>657EF776-6A78-0AAD-5289-C7D9F432A47F</generatorID>
<ownerDesignName>vivirmejor</ownerDesignName>
<engineerTo>
<item key="12245862-369D-E64E-6391-40FDFBD6868C" value="true"/>
</engineerTo>
<pk>true</pk>
<usedAttributes>
<attributeRef>81193750-ABFF-DF1D-DF75-EF3FF54F346A</attributeRef>
</usedAttributes>
</identifier>
<identifier id="E817636D-91FF-9A5C-9BFB-52614B7514D7" name="INDEX 1v3">
<createdBy>diego</createdBy>
<createdTime>2025-09-01 15:11:22 UTC</createdTime>
<generatorID>FF83CC86-DBCA-C01C-F146-83AA0F95E416</generatorID>
<ownerDesignName>vivirmejor</ownerDesignName>
<engineerTo>
<item key="12245862-369D-E64E-6391-40FDFBD6868C" value="true"/>
</engineerTo>
<usedAttributes>
<attributeRef>3E15CEF8-A067-B58F-1752-82F3B5F96A59</attributeRef>
</usedAttributes>
</identifier>
<identifier id="6A616922-96BB-A741-E2FC-C8373C2BA2DA" name="INDEX 2">
<createdBy>diego</createdBy>
<createdTime>2025-09-01 15:11:22 UTC</createdTime>
<generatorID>7E9CD7C8-829C-1576-0254-260DD6729FD1</generatorID>
<ownerDesignName>vivirmejor</ownerDesignName>
<engineerTo>
<item key="12245862-369D-E64E-6391-40FDFBD6868C" value="true"/>
</engineerTo>
<usedAttributes>
<attributeRef>2C1FC822-75BC-C456-3971-46022B53E4E4</attributeRef>
</usedAttributes>
</identifier>
</identifiers>
</Entity>