<?xml version = '1.0' encoding = 'UTF-8'?>
<Entity class="oracle.dbtools.crest.model.design.logical.Entity" directorySegmentName="seg_0" id="83D5BD2E-E3C9-679E-C327-62F1E878FF56" name="Habitacion">
<createdBy>diego</createdBy>
<createdTime>2025-09-01 15:11:22 UTC</createdTime>
<generatorID>00843313-8D08-015E-654F-3EBDE819D76E</generatorID>
<ownerDesignName>vivirmejor</ownerDesignName>
<engineerTo>
<item key="12245862-369D-E64E-6391-40FDFBD6868C" value="true"/>
</engineerTo>
<adequatelyNormalized>NO</adequatelyNormalized>
<expectedVolumes>0</expectedVolumes>
<fwdEngineeringStrategyName>Single Table</fwdEngineeringStrategyName>
<growthPercent>0</growthPercent>
<growthType>Year</growthType>
<maxVolumes>9999999</maxVolumes>
<minVolumes>0</minVolumes>
<normalForm>Third</normalForm>
<attributes itemClass="oracle.dbtools.crest.model.design.logical.Attribute">
<Attribute name="id habitacion" id="FE7EDBAF-DE73-C3A5-88FF-01CEA2C36C6A">
<createdBy>diego</createdBy>
<createdTime>2025-09-01 15:11:22 UTC</createdTime>
<generatorID>6A7D8856-32DD-8B57-452E-85EE8BC66577</generatorID>
<ownerDesignName>vivirmejor</ownerDesignName>
<engineerTo>
<item key="12245862-369D-E64E-6391-40FDFBD6868C" value="true"/>
</engineerTo>
<use>0</use>
<logicalDatatype>LOGDT019</logicalDatatype>
<domain>7ADB0BE9-9C8C-6A05-FE82-7BEA6361F1BA</domain>
<ownDataTypeParameters>,,</ownDataTypeParameters>
</Attribute>
<Attribute name="id residencia" id="5BC89339-3D85-3FFF-D33E-5090810019DA">
<createdBy>diego</createdBy>
<createdTime>2025-09-01 15:11:22 UTC</createdTime>
<generatorID>26379288-6CF3-9474-197B-8811091D65F6</generatorID>
<ownerDesignName>vivirmejor</ownerDesignName>
<engineerTo>
<item key="12245862-369D-E64E-6391-40FDFBD6868C" value="true"/>
</engineerTo>
<referedAttribute>625B1676-18BD-3FF3-752D-5A776460DFEA</referedAttribute>
<use>0</use>
<logicalDatatype>LOGDT019</logicalDatatype>
<domain>7ADB0BE9-9C8C-6A05-FE82-7BEA6361F1BA</domain>
<ownDataTypeParameters>,,</ownDataTypeParameters>
</Attribute>
<Attribute name="numero" id="4DD66A79-D21C-5E5E-9D4A-CA1601B35167">
<createdBy>diego</createdBy>
<createdTime>2025-09-01 15:11:22 UTC</createdTime>
<generatorID>1D4A0A48-A3F1-3A1D-E2B7-02FF00883CC4</generatorID>
<ownerDesignName>vivirmejor</ownerDesignName>
<engineerTo>
<item key="12245862-369D-E64E-6391-40FDFBD6868C" value="true"/>
</engineerTo>
<use>0</use>
<logicalDatatype>LOGDT024</logicalDatatype>
<domain>63CE02BA-64C9-4F23-D1AC-7C37F4849D57</domain>
<ownDataTypeParameters>,,</ownDataTypeParameters>
</Attribute>
<Attribute name="tipo" id="CE9DC9C3-470E-F39C-4772-DE9E8E24F178">
<createdBy>diego</createdBy>
<createdTime>2025-09-01 15:11:22 UTC</createdTime>
<generatorID>0A7A84F9-D343-914B-AC38-50BB232A772F</generatorID>
<ownerDesignName>vivirmejor</ownerDesignName>
<engineerTo>
<item key="12245862-369D-E64E-6391-40FDFBD6868C" value="true"/>
</engineerTo>
<use>0</use>
<logicalDatatype>LOGDT024</logicalDatatype>
<domain>AE100928-108B-A382-0913-E76239C81846</domain>
<ownDataTypeParameters>,,</ownDataTypeParameters>
</Attribute>
<Attribute name="capacidad" id="87C8772E-234C-5047-D1E9-4A903433BF69">
<createdBy>diego</createdBy>
<createdTime>2025-09-01 15:11:22 UTC</createdTime>
<generatorID>AC093380-DEED-9324-3543-94AC0B43E275</generatorID>
<ownerDesignName>vivirmejor</ownerDesignName>
<engineerTo>
<item key="12245862-369D-E64E-6391-40FDFBD6868C" value="true"/>
</engineerTo>
<use>0</use>
<logicalDatatype>LOGDT019</logicalDatatype>
<domain>EB814079-B2AC-16B8-CE61-EE3925A5D9C7</domain>
<defaultValue>1</defaultValue>
<ownDataTypeParameters>,,</ownDataTypeParameters>
</Attribute>
</attributes>
<identifiers itemClass="oracle.dbtools.crest.model.design.logical.CandidateKey">
<identifier id="A8EBACF3-5006-95FC-55B5-E64911EDEF49" name="Habitacion PK">
<createdBy>diego</createdBy>
<createdTime>2025-09-01 15:11:22 UTC</createdTime>
<generatorID>16156FEB-6FF5-2984-766B-7EBD1570BF1E</generatorID>
<ownerDesignName>vivirmejor</ownerDesignName>
<engineerTo>
<item key="12245862-369D-E64E-6391-40FDFBD6868C" value="true"/>
</engineerTo>
<pk>true</pk>
<usedAttributes>
<attributeRef>FE7EDBAF-DE73-C3A5-88FF-01CEA2C36C6A</attributeRef>
</usedAttributes>
</identifier>
<identifier id="6C35B65E-071B-F862-788C-9F54C9270F8F" name="uq habitacion residencia">
<createdBy>diego</createdBy>
<createdTime>2025-09-01 15:11:22 UTC</createdTime>
<generatorID>FBB5797C-0F0A-AA5C-937F-725AAB57062B</generatorID>
<ownerDesignName>vivirmejor</ownerDesignName>
<engineerTo>
<item key="12245862-369D-E64E-6391-40FDFBD6868C" value="true"/>
</engineerTo>
<usedAttributes>
<attributeRef>5BC89339-3D85-3FFF-D33E-5090810019DA</attributeRef>
<attributeRef>4DD66A79-D21C-5E5E-9D4A-CA1601B35167</attributeRef>
</usedAttributes>
</identifier>
</identifiers>
</Entity>