<?xml version = '1.0' encoding = 'UTF-8'?>
<Table class="oracle.dbtools.crest.model.design.relational.Table" directorySegmentName="seg_0" id="168C4BCE-4897-2826-796E-3F69955CA8E1" name="EQUIPAJE">
<sourceDDLFile>BBT_Airways_DDL.sql</sourceDDLFile>
<createdBy>diego</createdBy>
<createdTime>2025-08-25 18:17:36 UTC</createdTime>
<ownerDesignName>Base_model</ownerDesignName>
<allowColumnReorder>false</allowColumnReorder>
<existDependencyGenerateInDDl>true</existDependencyGenerateInDDl>
<parsed>true</parsed>
<columns itemClass="oracle.dbtools.crest.model.design.relational.Column">
<Column name="codigo" id="AA33609F-5501-F918-10AB-433BCF84B89A">
<sourceDDLFile>BBT_Airways_DDL.sql</sourceDDLFile>
<createdBy>diego</createdBy>
<createdTime>2025-08-25 18:17:36 UTC</createdTime>
<ownerDesignName>Base_model</ownerDesignName>
<use>0</use>
<logicalDatatype>LOGDT024</logicalDatatype>
<domain>006F413F-2033-1C75-6B79-101DACC28A65</domain>
<ownDataTypeParameters>,,</ownDataTypeParameters>
<autoIncrementCycle>false</autoIncrementCycle>
</Column>
<Column name="color" id="11C4B2D8-132C-AF59-63C2-E6F1DD330D12">
<sourceDDLFile>BBT_Airways_DDL.sql</sourceDDLFile>
<createdBy>diego</createdBy>
<createdTime>2025-08-25 18:17:36 UTC</createdTime>
<ownerDesignName>Base_model</ownerDesignName>
<use>0</use>
<logicalDatatype>LOGDT024</logicalDatatype>
<domain>006F413F-2033-1C75-6B79-101DACC28A65</domain>
<ownDataTypeParameters>,,</ownDataTypeParameters>
<autoIncrementCycle>false</autoIncrementCycle>
</Column>
<Column name="peso" id="78675F4E-A47E-C872-1C43-C7A088291E2A">
<sourceDDLFile>BBT_Airways_DDL.sql</sourceDDLFile>
<createdBy>diego</createdBy>
<createdTime>2025-08-25 18:17:36 UTC</createdTime>
<ownerDesignName>Base_model</ownerDesignName>
<use>0</use>
<logicalDatatype>LOGDT019</logicalDatatype>
<domain>BEC2C356-01B4-A916-E9D7-53D718A38599</domain>
<ownDataTypeParameters>,,</ownDataTypeParameters>
<autoIncrementCycle>false</autoIncrementCycle>
</Column>
<Column name="descripcion" id="68400775-5B35-D005-6D1D-85127D612850">
<sourceDDLFile>BBT_Airways_DDL.sql</sourceDDLFile>
<createdBy>diego</createdBy>
<createdTime>2025-08-25 18:17:36 UTC</createdTime>
<ownerDesignName>Base_model</ownerDesignName>
<nullsAllowed>true</nullsAllowed>
<use>0</use>
<logicalDatatype>LOGDT024</logicalDatatype>
<domain>9459105B-C4D3-8353-E461-08BB971DD278</domain>
<ownDataTypeParameters>,,</ownDataTypeParameters>
<autoIncrementCycle>false</autoIncrementCycle>
</Column>
<Column name="pasaporte_ci" id="309CE553-65FF-69D6-E40F-4F24B8428476">
<sourceDDLFile>BBT_Airways_DDL.sql</sourceDDLFile>
<createdBy>diego</createdBy>
<createdTime>2025-08-25 18:17:36 UTC</createdTime>
<ownerDesignName>Base_model</ownerDesignName>
<use>0</use>
<logicalDatatype>LOGDT024</logicalDatatype>
<domain>006F413F-2033-1C75-6B79-101DACC28A65</domain>
<ownDataTypeParameters>,,</ownDataTypeParameters>
<autoIncrementCycle>false</autoIncrementCycle>
<associations>
<colAssociation fkAssociation="10A2C7C5-FB33-30FD-5C9B-A12B980B7479" referredColumn="479C4AA2-EADE-8B93-7EEB-CAB0183E3BAD"/>
</associations>
</Column>
</columns>
<indexes itemClass="oracle.dbtools.crest.model.design.relational.Index">
<ind_PK_UK id="4B365FB3-243C-C86E-D013-FD0F3704EE31" name="EQUIPAJE_PK">
<sourceDDLFile>BBT_Airways_DDL.sql</sourceDDLFile>
<createdBy>diego</createdBy>
<createdTime>2025-08-25 18:17:36 UTC</createdTime>
<ownerDesignName>Base_model</ownerDesignName>
<pk>true</pk>
<indexState>Primary Constraint</indexState>
<isSurrogateKey>false</isSurrogateKey>
<indexColumnUsage>
<colUsage columnID="AA33609F-5501-F918-10AB-433BCF84B89A"/>
</indexColumnUsage>
</ind_PK_UK>
<ind_PK_UK id="50934B74-E54E-4447-26AE-D5E2049F1225" name="fk_equipaje_pasajero">
<createdBy>diego</createdBy>
<createdTime>2025-08-25 18:17:36 UTC</createdTime>
<ownerDesignName>Base_model</ownerDesignName>
<indexState>Foreign Key</indexState>
<isSurrogateKey>false</isSurrogateKey>
<indexColumnUsage>
<colUsage columnID="309CE553-65FF-69D6-E40F-4F24B8428476"/>
</indexColumnUsage>
</ind_PK_UK>
</indexes>
</Table>
