<?xml version = '1.0' encoding = 'UTF-8'?>
<Table class="oracle.dbtools.crest.model.design.relational.Table" directorySegmentName="seg_0" id="2869E0A1-74DA-F1DE-7D7A-612D4B004FBE" name="ADMINISTRATIVO">
<sourceDDLFile>BBT_Airways_DDL.sql</sourceDDLFile>
<createdBy>diego</createdBy>
<createdTime>2025-08-25 18:17:36 UTC</createdTime>
<ownerDesignName>Base_model</ownerDesignName>
<allowColumnReorder>false</allowColumnReorder>
<existDependencyGenerateInDDl>true</existDependencyGenerateInDDl>
<parsed>true</parsed>
<columns itemClass="oracle.dbtools.crest.model.design.relational.Column">
<Column name="rut" id="F0295A6C-7B57-B43B-D8E8-7021D0225CB8">
<sourceDDLFile>BBT_Airways_DDL.sql</sourceDDLFile>
<createdBy>diego</createdBy>
<createdTime>2025-08-25 18:17:36 UTC</createdTime>
<ownerDesignName>Base_model</ownerDesignName>
<use>0</use>
<logicalDatatype>LOGDT024</logicalDatatype>
<domain>6F1AE253-E49C-0FBB-5ADD-CFDA9EBC85E7</domain>
<ownDataTypeParameters>,,</ownDataTypeParameters>
<autoIncrementCycle>false</autoIncrementCycle>
<associations>
<colAssociation fkAssociation="479FFEDF-6B8C-FECB-2F1A-5C444AE88434" referredColumn="B799D8ED-C8AF-89C4-A789-4642CACA8E1B"/>
</associations>
</Column>
<Column name="horas_extras" id="D4ACC62B-2812-2219-9658-879BF65F43A8">
<sourceDDLFile>BBT_Airways_DDL.sql</sourceDDLFile>
<createdBy>diego</createdBy>
<createdTime>2025-08-25 18:17:36 UTC</createdTime>
<ownerDesignName>Base_model</ownerDesignName>
<use>0</use>
<logicalDatatype>LOGDT019</logicalDatatype>
<domain>EEF6E6E3-C989-9AFE-6BF7-118508D8D15A</domain>
<ownDataTypeParameters>,,</ownDataTypeParameters>
<autoIncrementCycle>false</autoIncrementCycle>
</Column>
<Column name="afp" id="A77B06AA-5E68-41D7-AE9D-7F991C937027">
<sourceDDLFile>BBT_Airways_DDL.sql</sourceDDLFile>
<createdBy>diego</createdBy>
<createdTime>2025-08-25 18:17:36 UTC</createdTime>
<ownerDesignName>Base_model</ownerDesignName>
<use>0</use>
<logicalDatatype>LOGDT024</logicalDatatype>
<domain>2EF08982-6BB9-7567-3921-5F5E5E79A84A</domain>
<ownDataTypeParameters>,,</ownDataTypeParameters>
<autoIncrementCycle>false</autoIncrementCycle>
</Column>
</columns>
<indexes itemClass="oracle.dbtools.crest.model.design.relational.Index">
<ind_PK_UK id="EF64168E-FD3C-CE14-531D-02B7A14269B3" name="ADMINISTRATIVO_PK">
<sourceDDLFile>BBT_Airways_DDL.sql</sourceDDLFile>
<createdBy>diego</createdBy>
<createdTime>2025-08-25 18:17:36 UTC</createdTime>
<ownerDesignName>Base_model</ownerDesignName>
<pk>true</pk>
<indexState>Primary Constraint</indexState>
<isSurrogateKey>false</isSurrogateKey>
<indexColumnUsage>
<colUsage columnID="F0295A6C-7B57-B43B-D8E8-7021D0225CB8"/>
</indexColumnUsage>
</ind_PK_UK>
<ind_PK_UK id="D0BBA114-1295-51BA-2BCF-603C1704259D" name="fk_administrativo_empleado">
<createdBy>diego</createdBy>
<createdTime>2025-08-25 18:17:36 UTC</createdTime>
<ownerDesignName>Base_model</ownerDesignName>
<indexState>Foreign Key</indexState>
<isSurrogateKey>false</isSurrogateKey>
<indexColumnUsage>
<colUsage columnID="F0295A6C-7B57-B43B-D8E8-7021D0225CB8"/>
</indexColumnUsage>
</ind_PK_UK>
</indexes>
</Table>
