<?xml version = '1.0' encoding = 'UTF-8'?>
<Table class="oracle.dbtools.crest.model.design.relational.Table" directorySegmentName="seg_0" id="C1950C8B-595B-CA41-64B1-1B7CCE0012EC" name="PASAJERO">
<sourceDDLFile>BBT_Airways_DDL.sql</sourceDDLFile>
<createdBy>diego</createdBy>
<createdTime>2025-08-25 18:17:36 UTC</createdTime>
<ownerDesignName>Base_model</ownerDesignName>
<allowColumnReorder>false</allowColumnReorder>
<existDependencyGenerateInDDl>true</existDependencyGenerateInDDl>
<parsed>true</parsed>
<columns itemClass="oracle.dbtools.crest.model.design.relational.Column">
<Column name="pasaporte_ci" id="479C4AA2-EADE-8B93-7EEB-CAB0183E3BAD">
<sourceDDLFile>BBT_Airways_DDL.sql</sourceDDLFile>
<createdBy>diego</createdBy>
<createdTime>2025-08-25 18:17:36 UTC</createdTime>
<ownerDesignName>Base_model</ownerDesignName>
<use>0</use>
<logicalDatatype>LOGDT024</logicalDatatype>
<domain>006F413F-2033-1C75-6B79-101DACC28A65</domain>
<ownDataTypeParameters>,,</ownDataTypeParameters>
<autoIncrementCycle>false</autoIncrementCycle>
</Column>
<Column name="nombre_completo" id="2184295A-545D-4B23-DA89-4F5388417FE9">
<sourceDDLFile>BBT_Airways_DDL.sql</sourceDDLFile>
<createdBy>diego</createdBy>
<createdTime>2025-08-25 18:17:36 UTC</createdTime>
<ownerDesignName>Base_model</ownerDesignName>
<use>0</use>
<logicalDatatype>LOGDT024</logicalDatatype>
<domain>18CFE7DE-6D78-4C5E-775E-572FB0E51BDF</domain>
<ownDataTypeParameters>,,</ownDataTypeParameters>
<autoIncrementCycle>false</autoIncrementCycle>
</Column>
<Column name="fecha_nacimiento" id="7CF871D8-DD17-7526-5445-98F3E60D0540">
<sourceDDLFile>BBT_Airways_DDL.sql</sourceDDLFile>
<createdBy>diego</createdBy>
<createdTime>2025-08-25 18:17:36 UTC</createdTime>
<ownerDesignName>Base_model</ownerDesignName>
<use>0</use>
<logicalDatatype>LOGDT007</logicalDatatype>
<domain>DA61C97D-6C22-AFFC-A3E6-5D88A82FCFAF</domain>
<ownDataTypeParameters>,,</ownDataTypeParameters>
<autoIncrementCycle>false</autoIncrementCycle>
</Column>
<Column name="nacionalidad" id="4BD2BCCE-1F29-135F-1453-D9C1465B75F7">
<sourceDDLFile>BBT_Airways_DDL.sql</sourceDDLFile>
<createdBy>diego</createdBy>
<createdTime>2025-08-25 18:17:36 UTC</createdTime>
<ownerDesignName>Base_model</ownerDesignName>
<nullsAllowed>true</nullsAllowed>
<use>0</use>
<logicalDatatype>LOGDT024</logicalDatatype>
<domain>2EF08982-6BB9-7567-3921-5F5E5E79A84A</domain>
<ownDataTypeParameters>,,</ownDataTypeParameters>
<autoIncrementCycle>false</autoIncrementCycle>
</Column>
<Column name="telefono_contacto" id="B216988F-600F-939E-A5A6-BEE58E712A06">
<sourceDDLFile>BBT_Airways_DDL.sql</sourceDDLFile>
<createdBy>diego</createdBy>
<createdTime>2025-08-25 18:17:36 UTC</createdTime>
<ownerDesignName>Base_model</ownerDesignName>
<nullsAllowed>true</nullsAllowed>
<use>0</use>
<logicalDatatype>LOGDT024</logicalDatatype>
<domain>006F413F-2033-1C75-6B79-101DACC28A65</domain>
<ownDataTypeParameters>,,</ownDataTypeParameters>
<autoIncrementCycle>false</autoIncrementCycle>
</Column>
<Column name="email" id="525A1025-F946-D4AA-2CB5-CE575D27CCCE">
<sourceDDLFile>BBT_Airways_DDL.sql</sourceDDLFile>
<createdBy>diego</createdBy>
<createdTime>2025-08-25 18:17:36 UTC</createdTime>
<ownerDesignName>Base_model</ownerDesignName>
<nullsAllowed>true</nullsAllowed>
<use>0</use>
<logicalDatatype>LOGDT024</logicalDatatype>
<domain>18CFE7DE-6D78-4C5E-775E-572FB0E51BDF</domain>
<ownDataTypeParameters>,,</ownDataTypeParameters>
<autoIncrementCycle>false</autoIncrementCycle>
</Column>
</columns>
<indexes itemClass="oracle.dbtools.crest.model.design.relational.Index">
<ind_PK_UK id="E73DF0A0-23A9-0C4A-64EF-80024C693EA4" name="PASAJERO_PK">
<sourceDDLFile>BBT_Airways_DDL.sql</sourceDDLFile>
<createdBy>diego</createdBy>
<createdTime>2025-08-25 18:17:36 UTC</createdTime>
<ownerDesignName>Base_model</ownerDesignName>
<pk>true</pk>
<indexState>Primary Constraint</indexState>
<isSurrogateKey>false</isSurrogateKey>
<indexColumnUsage>
<colUsage columnID="479C4AA2-EADE-8B93-7EEB-CAB0183E3BAD"/>
</indexColumnUsage>
</ind_PK_UK>
</indexes>
</Table>
